Country code,Country,City Code,Urban Agglomeration,Note,Latitude,Longitude,1950,1955,1960,1965,1970,1975,1980,1985,1990,1995,2000,2005,2010,2015,2020,2025
4,Afghanistan,20002,Kabul,,34.54,69.17,129,185,265,369,472,674,978,"1,185","1,332","1,616","1,963","2,856","3,052","3,402","4,136","5,126"
12,Algeria,20006,El Djazaïr  (Algiers),1,36.76,3.05,516,623,872,"1,081","1,281","1,507","1,621","1,672","1,819","2,036","2,278","2,548","2,851","3,203","3,608","3,977"
12,Algeria,20035,Wahran (Oran),,35.75,-0.63,269,286,305,325,385,466,537,604,647,675,706,740,776,826,920,"1,026"
24,Angola,20050,Huambo,,-12.76,15.75,15,24,37,48,61,95,153,232,326,444,578,775,"1,039","1,345","1,666","1,997"
24,Angola,20049,Luanda,,-8.84,13.23,138,174,219,315,459,665,962,"1,295","1,568","1,953","2,591","3,533","4,790","6,183","7,555","8,924"
32,Argentina,20058,Buenos Aires,2,-34.59,-58.67,"5,098","5,799","6,598","7,317","8,105","8,745","9,422","9,959","10,513","11,154","11,847","12,586","13,370","14,151","14,876","15,524"
32,Argentina,20059,Córdoba,3,-31.40,-64.18,429,510,605,701,810,905,"1,010","1,102","1,200","1,275","1,348","1,427","1,532","1,654","1,776","1,892"
32,Argentina,20065,La Plata,,-34.93,-57.95,300,347,401,441,484,522,562,597,634,656,676,700,747,810,876,940
32,Argentina,20068,Mendoza,4,-32.88,-68.82,246,284,328,394,473,537,608,680,759,802,838,879,942,"1,021","1,101","1,179"
32,Argentina,20075,Rosario,,-32.95,-60.67,554,610,671,740,816,883,953,"1,017","1,084","1,121","1,152","1,190","1,264","1,365","1,468","1,567"
32,Argentina,20081,San Miguel de Tucumán,5,-26.78,-65.25,224,260,301,332,365,424,494,550,611,666,722,784,853,928,"1,001","1,073"
51,Armenia,20140,Yerevan,,40.18,44.50,341,431,538,648,778,911,"1,042","1,123","1,175","1,142","1,111","1,104","1,113","1,142","1,189","1,238"
36,Australia,20088,Adelaide,,-34.93,138.60,429,497,572,697,792,881,943,993,"1,046","1,074","1,102","1,133","1,181","1,285","1,410","1,535"
36,Australia,20089,Brisbane,,-27.46,153.02,442,518,603,699,798,928,"1,067","1,192","1,329","1,471","1,603","1,780","1,993","2,215","2,426","2,627"
36,Australia,20095,Melbourne,,-37.81,144.96,"1,332","1,574","1,851","2,068","2,334","2,561","2,765","2,935","3,117","3,257","3,433","3,641","3,896","4,244","4,612","4,962"
36,Australia,20097,Perth,,-31.96,115.84,311,358,409,483,611,770,898,"1,023","1,160","1,273","1,373","1,484","1,617","1,783","1,955","2,121"
36,Australia,20099,Sydney,,-33.87,151.21,"1,690","1,906","2,135","2,390","2,667","2,960","3,227","3,432","3,632","3,839","4,078","4,260","4,479","4,844","5,254","5,646"
40,Austria,20107,Wien (Vienna),6,48.12,16.22,"1,615","1,621","1,627","1,624","1,621","1,583","1,539","1,535","1,539","1,544","1,549","1,641","1,708","1,773","1,852","1,943"
31,Azerbaijan,20053,Baku,7,40.39,49.86,897,940,"1,005","1,132","1,274","1,429","1,574","1,660","1,733","1,766","1,806","1,867","2,062","2,371","2,655","2,899"
50,Bangladesh,20115,Chittagong,,22.36,91.80,289,323,360,503,723,"1,017","1,340","1,655","2,023","2,578","3,308","4,201","5,069","5,970","6,963","8,032"
50,Bangladesh,20119,Dhaka,8,23.72,90.41,336,409,508,821,"1,374","2,221","3,266","4,660","6,621","8,332","10,285","12,615","14,930","17,382","20,064","22,906"
50,Bangladesh,20124,Khulna,,22.82,89.57,41,69,120,194,310,472,627,790,985,"1,133","1,285","1,472","1,723","2,042","2,406","2,805"
50,Bangladesh,20131,Rajshahi,,24.37,88.60,39,47,56,76,105,150,238,354,521,606,678,769,900,"1,073","1,273","1,493"
112,Belarus,20348,Minsk,7,53.90,27.57,284,414,551,719,932,"1,120","1,320","1,481","1,618","1,654","1,700","1,775","1,847","1,918","1,982","2,031"
56,Belgium,20142,Antwerpen,,51.22,4.42,759,786,813,835,855,868,880,881,893,906,922,939,956,980,"1,018","1,063"
56,Belgium,20144,Bruxelles-Brussel,9,50.83,4.33,"1,415","1,449","1,485","1,525","1,568","1,610","1,654","1,654","1,680","1,715","1,785","1,858","1,933","2,012","2,090","2,166"
204,Benin,20888,Cotonou,,6.35,2.43,20,27,73,111,163,240,337,412,504,577,642,724,882,"1,086","1,292","1,517"
68,Bolivia (Plurinational State of),20153,La Paz,10,-16.50,-68.15,319,374,438,512,600,703,809,927,"1,062","1,267","1,390","1,524","1,678","1,887","2,143","2,421"
68,Bolivia (Plurinational State of),20157,Santa Cruz,,-17.80,-63.17,42,59,84,118,166,234,324,447,616,833,"1,054","1,325","1,653","1,965","2,248","2,539"
76,Brazil,20174,Aracaju,11,-10.92,-37.07,69,89,115,145,183,231,293,364,453,527,606,674,748,829,906,974
76,Brazil,20281,Baixada Santista,12,-21.91,-43.32,246,311,395,497,625,770,949,"1,062","1,184","1,319","1,468","1,561","1,659","1,768","1,897","2,023"
76,Brazil,20182,Belém,12,-1.46,-48.50,242,303,378,477,601,706,827,966,"1,129","1,393","1,748","1,890","2,038","2,200","2,367","2,519"
76,Brazil,20183,Belo Horizonte,12,-19.92,-43.93,412,567,782,"1,078","1,485","1,906","2,441","2,946","3,548","4,093","4,659","5,022","5,407","5,819","6,217","6,557"
76,Brazil,20187,Brasília,12,-15.78,-47.92,36,70,137,268,525,827,"1,293","1,559","1,863","2,257","2,746","3,189","3,701","4,249","4,654","4,933"
76,Brazil,20190,Campinas,12,-22.90,-47.08,152,211,293,398,540,773,"1,109","1,374","1,693","1,975","2,264","2,533","2,794","3,054","3,295","3,498"
76,Brazil,20191,Campo Grande,,-20.45,-54.62,32,45,64,91,129,190,279,369,486,574,654,713,775,844,916,985
76,Brazil,20204,Cuiabá,12,-15.58,-56.08,27,37,51,71,100,162,264,368,510,606,686,736,789,847,916,984
76,Brazil,20205,Curitiba,12,-25.42,-49.25,158,244,379,498,651,922,"1,310","1,553","1,829","2,138","2,494","2,789","3,118","3,468","3,761","3,990"
76,Brazil,20209,Florianópolis,12,-27.58,-48.52,68,81,97,121,150,221,326,406,503,609,734,861,"1,010","1,172","1,300","1,395"
76,Brazil,20210,Fortaleza,12,-3.78,-38.59,264,363,500,659,867,"1,136","1,488","1,822","2,226","2,554","2,875","3,182","3,520","3,878","4,190","4,439"
76,Brazil,20214,Goiânia,12,-16.67,-49.27,53,89,148,236,375,527,737,915,"1,132","1,366","1,635","1,831","2,049","2,282","2,483","2,644"
76,Brazil,20286,Grande São Luís,12,-5.78,-35.62,120,137,158,203,263,342,445,548,672,844,"1,066","1,180","1,304","1,437","1,562","1,670"
76,Brazil,20305,Grande Vitória,12,-5.24,-36.38,85,121,171,241,339,493,716,871,"1,052","1,221","1,398","1,527","1,666","1,816","1,964","2,095"
76,Brazil,20230,João Pessoa,12,-7.12,-34.87,117,147,184,230,289,362,453,544,652,741,827,939,"1,067","1,204","1,322","1,417"
76,Brazil,20243,Maceió,12,-9.67,-35.72,123,150,182,225,278,342,420,527,660,798,952,"1,049","1,154","1,268","1,378","1,475"
76,Brazil,20244,Manaus,12,-3.11,-60.03,90,116,151,206,281,411,604,761,955,"1,159","1,392","1,577","1,798","2,043","2,241","2,390"
76,Brazil,20251,Natal,12,-5.78,-35.22,108,137,176,225,288,367,467,569,692,800,910,"1,067","1,252","1,454","1,610","1,724"
76,Brazil,20231,Norte/Nordeste Catarinense,12,-6.00,-42.00,64,86,116,154,205,278,378,478,603,748,923,"1,015","1,114","1,221","1,327","1,420"
76,Brazil,20264,Pôrto Alegre,12,-30.03,-51.20,488,656,882,"1,111","1,398","1,727","2,133","2,504","2,934","3,236","3,505","3,694","3,892","4,113","4,376","4,627"
76,Brazil,20268,Recife,12,-8.05,-34.90,661,842,"1,074","1,327","1,638","1,867","2,122","2,390","2,690","2,958","3,230","3,450","3,684","3,939","4,210","4,455"
76,Brazil,20272,Rio de Janeiro,12,-22.90,-43.23,"2,950","3,592","4,374","5,387","6,637","7,557","8,583","9,086","9,595","10,174","10,803","11,368","11,867","12,380","13,020","13,621"
76,Brazil,20275,Salvador,12,-12.97,-38.50,403,520,671,847,"1,069","1,341","1,683","1,983","2,331","2,644","2,968","3,422","3,947","4,506","4,925","5,217"
76,Brazil,20287,São Paulo,12,-23.53,-46.62,"2,334","3,044","3,970","5,494","7,620","9,614","12,089","13,395","14,776","15,948","17,099","18,330","19,649","21,028","22,243","23,175"
76,Brazil,20292,Sorocaba,,-23.48,-47.45,77,96,119,150,191,245,314,371,436,500,578,670,776,892,987,"1,061"
76,Brazil,20296,Teresina,13,-5.08,-42.82,54,75,104,143,195,276,390,490,614,706,789,843,902,968,"1,045","1,121"
100,Bulgaria,20327,Sofia,,42.69,23.31,522,616,708,806,888,977,"1,074","1,181","1,191","1,168","1,128","1,169","1,175","1,175","1,194","1,212"
854,Burkina Faso,23192,Ouagadougou,,12.37,-1.52,33,46,59,82,115,157,265,424,537,667,921,"1,328","1,911","2,696","3,662","4,795"
116,Cambodia,20357,Phnum Pénh (Phnom Penh),14,11.55,104.92,364,376,389,436,900,100,238,427,615,836,"1,149","1,317","1,509","1,725","1,958","2,190"
120,Cameroon,20362,Douala,,4.05,9.70,95,117,153,205,298,433,571,740,940,"1,184","1,490","1,876","2,348","2,864","3,408","3,983"
120,Cameroon,20365,Yaoundé,,3.87,11.52,32,49,75,112,183,292,415,578,777,"1,025","1,351","1,781","2,320","2,870","3,420","3,997"
124,Canada,20370,Calgary,15,51.07,-114.06,132,186,262,320,389,457,568,656,738,809,953,"1,056","1,191","1,311","1,420","1,528"
124,Canada,20373,Edmonton,15,53.55,-113.57,163,228,318,389,477,543,623,756,831,859,924,"1,017","1,121","1,224","1,325","1,427"
124,Canada,20384,Montréal,15,45.57,-73.66,"1,343","1,652","2,031","2,373","2,684","2,791","2,824","2,904","3,154","3,305","3,471","3,603","3,808","4,065","4,347","4,628"
124,Canada,20387,Ottawa-Gatineau,15,45.42,-75.71,282,342,415,482,581,676,729,803,918,988,"1,079","1,119","1,191","1,283","1,387","1,494"
124,Canada,20390,Québec,,46.89,-71.34,268,306,349,403,467,530,568,598,638,667,684,710,746,802,871,942
124,Canada,20402,Toronto,15,43.67,-79.42,"1,068","1,365","1,744","2,093","2,535","2,770","3,008","3,355","3,807","4,197","4,607","5,035","5,485","5,905","6,298","6,682"
124,Canada,20404,Vancouver,15,49.27,-123.15,556,588,620,836,"1,045","1,150","1,247","1,359","1,559","1,789","1,959","2,093","2,235","2,403","2,583","2,765"
148,Chad,20420,N'Djaména,,12.12,15.05,22,40,70,109,155,231,324,393,477,579,703,854,"1,038","1,258","1,522","1,870"
152,Chile,205346,Concepción,,-36.83,-73.05,168,207,256,296,341,391,448,500,551,600,648,701,758,823,891,955
152,Chile,20439,Santiago,16,-33.45,-70.67,"1,322","1,618","1,980","2,294","2,647","3,138","3,721","4,201","4,616","4,964","5,275","5,605","5,959","6,355","6,748","7,089"
152,Chile,205344,Valparaíso,17,-33.05,-71.60,328,377,433,481,532,581,635,685,733,771,803,837,874,931,"1,003","1,074"
156,China,20451,"Anshan, Liaoning",18,41.10,122.99,455,622,850,887,813,878,967,"1,085","1,234","1,307","1,384","1,515","1,662","1,843","2,086","2,314"
156,China,20453,Anyang,19,36.11,114.32,113,134,158,187,221,261,308,358,410,556,753,"1,033","1,129","1,222","1,374","1,530"
156,China,20458,Baoding,20,38.87,115.47,174,214,264,317,338,361,385,422,471,645,884,"1,014","1,148","1,309","1,499","1,670"
156,China,20459,Baoji,,34.37,107.14,118,139,162,191,226,267,317,378,452,537,638,758,901,"1,071","1,246","1,393"
156,China,20460,Baotou,20,40.65,109.82,104,190,347,608,754,801,835,912,"1,044","1,212","1,406","1,826","1,931","2,074","2,319","2,568"
156,China,20464,Beijing,21,39.92,116.43,"1,671","2,365","3,900","4,582","4,426","4,828","5,366","6,017","6,788","8,305","10,162","12,349","15,000","18,079","20,781","22,633"
156,China,20466,Bengbu,20,32.95,117.37,168,190,215,243,274,310,350,396,447,554,687,794,914,"1,057","1,218","1,360"
156,China,20467,Benxi,20,41.30,123.77,335,371,411,456,505,559,619,685,759,807,857,911,968,"1,045","1,176","1,311"
156,China,20471,Changchun,20,43.87,125.30,765,922,"1,111","1,314","1,255","1,426","1,655","1,909","2,192","2,446","2,730","3,143","3,598","4,119","4,693","5,173"
156,China,20472,Changde,20,29.05,111.68,89,98,108,120,140,164,192,228,275,450,735,835,924,"1,032","1,176","1,312"
156,China,20474,"Changsha, Hunan",18,28.22,112.94,577,705,861,772,731,811,830,922,"1,089","1,542","2,183","2,662","3,212","3,858","4,473","4,942"
156,China,23865,Changshu,,31.64,120.74,5,7,11,17,26,40,62,95,147,282,541,645,742,858,991,"1,109"
156,China,20476,"Changzhou, Jiangsu",48,31.78,119.95,149,182,221,268,327,397,469,577,730,"1,039","1,478","1,952","2,323","2,758","3,190","3,535"
156,China,20480,Chengdu,22,30.65,104.07,646,"1,034","1,580","1,609","1,750","1,860","2,150","2,639","2,955","3,532","4,222","5,192","6,397","7,815","9,074","9,965"
156,China,20483,Chifeng,20,42.26,118.94,112,127,144,164,186,212,241,276,345,483,677,761,842,940,"1,072","1,197"
156,China,20484,Chongqing,23,29.56,106.55,"1,567","1,913","2,275","2,188","2,237","2,402","2,621","2,861","3,123","4,818","7,436","8,596","9,732","11,054","12,479","13,627"
156,China,23595,Cixi,20,30.18,121.23,3,5,9,15,26,43,73,123,207,367,650,725,781,854,966,"1,079"
156,China,20489,Dalian,20,38.92,121.58,716,820,938,"1,070","1,177","1,294","1,424","1,620","1,884","2,311","2,833","3,060","3,305","3,623","4,067","4,483"
156,China,20490,Dandong,20,40.13,124.38,133,158,189,225,269,320,382,455,543,607,679,736,795,871,986,"1,102"
156,China,20493,Daqing,20,46.61,124.99,181,216,259,309,370,442,529,633,757,905,"1,082","1,294","1,547","1,846","2,145","2,386"
156,China,20494,"Datong, Shanxi",18,40.11,113.28,201,249,358,390,432,493,565,743,917,981,"1,049","1,189","1,355","1,551","1,777","1,977"
156,China,20499,"Dongguan, Guangdong",20,23.02,113.74,92,95,99,104,114,125,137,237,553,"1,416","3,631","5,269","7,160","7,859","8,783","9,612"
156,China,23610,Dongying,20,37.43,118.67,22,31,45,66,97,137,195,278,395,498,628,773,949,"1,160","1,363","1,523"
156,China,20506,Foshan,24,23.19,113.14,101,139,192,266,367,506,699,965,"1,450","2,371","3,877","4,970","6,208","7,650","8,910","9,790"
156,China,20509,"Fushun, Liaoning",20,41.87,123.92,637,680,727,776,829,906,991,"1,115","1,289","1,323","1,358","1,368","1,377","1,419","1,567","1,739"
156,China,20510,Fuxin,18,42.02,121.67,172,201,235,275,321,375,439,513,600,633,667,739,821,922,"1,053","1,176"
156,China,20511,Fuyang,20,32.90,115.75,46,53,61,70,81,93,107,123,142,265,695,804,874,963,"1,092","1,218"
156,China,20513,"Fuzhou, Fujian",20,26.08,119.30,301,350,407,473,549,638,742,819,875,"1,316","1,978","2,368","2,799","3,317","3,830","4,236"
156,China,20517,"Guangzhou, Guangdong",18,23.10,113.26,"1,049","1,155","1,272","1,401","1,542","1,698","1,870","2,308","3,072","4,745","7,330","8,845","10,486","12,385","14,167","15,474"
156,China,20518,Guilin,20,25.27,110.30,126,160,203,253,296,346,404,475,561,652,757,857,968,"1,101","1,261","1,407"
156,China,20519,Guiyang,20,26.58,106.70,249,298,425,633,702,754,809,912,"1,080","1,417","1,860","2,148","2,458","2,822","3,226","3,569"
156,China,23637,Haerbin,25,45.75,126.70,727,"1,129","1,423","1,629","1,696","1,738","1,992","2,214","2,392","3,050","3,888","4,634","5,496","6,502","7,471","8,210"
156,China,23638,Haicheng,,40.85,122.74,48,61,79,101,130,168,215,277,356,458,588,662,738,831,950,"1,062"
156,China,23639,Haikou,26,20.03,110.32,107,134,168,205,221,239,258,289,331,494,738,"1,410","1,587","1,797","2,050","2,276"
156,China,20523,Handan,20,36.61,114.47,69,89,114,147,190,245,316,408,525,653,811,"1,007","1,250","1,541","1,814","2,023"
156,China,20524,Hangzhou,27,30.27,120.15,610,761,948,974,"1,027","1,083","1,141","1,291","1,476","2,160","3,160","4,068","5,189","6,532","7,674","8,450"
156,China,20529,Hefei,28,31.87,117.28,145,214,316,461,518,588,751,917,"1,100","1,298","1,532","2,072","2,830","3,778","4,549","5,044"
156,China,20533,Hengyang,20,26.90,112.60,97,120,147,180,221,272,334,410,504,632,793,936,"1,099","1,293","1,498","1,670"
156,China,20551,Hohhot,20,40.80,111.68,122,169,234,318,365,419,481,552,635,798,"1,005","1,207","1,446","1,728","2,010","2,237"
156,China,20543,Huai'an,29,33.61,119.01,64,79,97,119,146,179,219,269,330,520,818,"1,024","1,262","1,546","1,815","2,023"
156,China,20544,Huaibei,20,33.95,116.78,45,57,72,90,114,144,182,230,290,423,617,775,963,"1,188","1,400","1,565"
156,China,20546,Huainan,20,32.64,116.99,253,312,385,464,508,555,606,663,724,872,"1,049","1,212","1,396","1,613","1,855","2,064"
156,China,20550,Huangshi,,30.20,115.02,149,173,200,232,268,311,360,417,483,559,647,703,761,834,945,"1,055"
156,China,20553,Huizhou,30,23.11,114.42,49,58,70,83,100,119,143,171,205,453,"1,003","1,353","1,760","2,258","2,688","2,991"
156,China,20575,Huludao,20,40.71,120.84,6,10,17,28,47,77,128,212,351,431,529,648,795,971,"1,142","1,278"
156,China,20556,Huzhou,,30.87,120.11,57,67,80,95,112,133,158,187,214,341,544,662,790,942,"1,099","1,230"
156,China,20557,Jiamusi,20,46.80,130.36,132,156,185,218,258,305,361,424,469,539,619,711,817,943,"1,088","1,216"
156,China,20560,Jiangmen,31,22.57,113.08,88,97,107,117,129,143,157,173,190,314,519,977,"1,103","1,254","1,435","1,600"
156,China,23663,Jiangyin,,31.92,120.25,3,5,8,13,21,33,52,82,130,262,530,641,747,873,"1,012","1,133"
156,China,20563,Jiaozuo,20,35.22,113.22,87,105,126,153,185,223,270,326,395,500,631,706,783,876,"1,000","1,117"
156,China,20564,Jiaxing,,30.77,120.75,73,82,93,105,118,134,151,172,210,304,440,577,749,961,"1,150","1,290"
156,China,20566,Jilin,20,43.86,126.57,394,466,550,637,606,672,777,914,"1,090","1,251","1,435","1,647","1,889","2,175","2,492","2,765"
156,China,20567,"Jinan, Shandong",32,36.68,117.01,576,760,"1,003","1,086","1,060","1,150","1,260","1,506","1,923","2,134","2,592","3,054","3,581","4,197","4,821","5,318"
156,China,23678,Jingzhou,18,30.33,112.20,77,92,110,132,158,190,227,264,301,479,761,899,"1,040","1,206","1,392","1,553"
156,China,20572,"Jining, Shandong",20,35.41,116.59,79,91,105,120,138,159,183,217,343,542,856,"1,027","1,207","1,419","1,643","1,832"
156,China,23679,Jinjiang,20,24.83,118.58,8,11,15,20,28,38,52,72,98,212,456,636,859,"1,139","1,378","1,545"
156,China,20576,Jinzhou,18,41.11,121.15,160,217,246,279,316,347,381,460,592,675,770,814,856,917,"1,029","1,148"
156,China,20578,Jiujiang,,29.72,115.99,25,33,45,60,81,108,145,195,262,351,471,599,759,952,"1,130","1,267"
156,China,20579,"Jixi, Heilongjiang",20,45.29,132.96,111,138,172,215,268,335,418,521,650,732,823,927,"1,043","1,182","1,352","1,507"
156,China,20584,Kaohsiung,,22.62,120.31,256,341,454,605,807,986,"1,160","1,287","1,372","1,431","1,488","1,504","1,514","1,560","1,723","1,910"
156,China,20590,Kunming,20,25.06,102.68,334,364,397,433,472,515,561,738,"1,100","1,691","2,601","2,999","3,388","3,847","4,371","4,821"
156,China,20592,Lanzhou,20,36.05,103.84,336,445,589,768,863,945,"1,033","1,146","1,290","1,561","1,890","2,172","2,487","2,858","3,267","3,615"
156,China,20597,Lianyungang,18,34.59,119.22,130,147,166,187,211,239,270,305,344,442,567,739,965,"1,241","1,485","1,662"
156,China,23854,Liaocheng,,36.45,115.97,11,16,24,34,50,72,104,152,220,320,464,584,727,900,"1,064","1,193"
156,China,20604,"Linyi, Shandong",20,35.05,118.34,15,22,31,44,63,89,128,182,260,542,"1,130","1,297","1,426","1,585","1,797","1,997"
156,China,20606,Liuzhou,20,24.32,109.38,118,194,232,267,314,370,435,522,637,809,"1,027","1,183","1,353","1,554","1,783","1,984"
156,China,23751,Lufeng,20,22.95,115.63,16,23,33,47,67,95,136,193,275,391,556,643,732,838,964,"1,079"
156,China,20612,Luoyang,20,34.62,112.46,145,191,251,339,392,459,538,625,725,938,"1,213","1,373","1,539","1,739","1,982","2,201"
156,China,20614,Luzhou,20,28.87,105.44,74,87,103,121,142,167,197,232,273,421,649,751,850,969,"1,113","1,243"
156,China,20617,Maoming,18,21.65,110.90,21,26,32,40,50,62,77,111,173,327,617,798,"1,004","1,252","1,482","1,656"
156,China,20619,"Mianyang, Sichuan",20,31.46,104.74,74,86,101,119,139,163,191,224,289,468,758,883,"1,006","1,152","1,323","1,476"
156,China,20621,Mudanjiang,18,44.58,129.61,137,162,192,228,271,321,381,433,479,564,665,724,783,859,973,"1,087"
156,China,20622,Nanchang,18,28.70,115.91,343,440,564,675,615,688,788,861,912,"1,226","1,648","1,968","2,331","2,757","3,185","3,529"
156,China,20623,Nanchong,38,30.79,106.07,156,170,186,200,206,212,218,241,279,411,606,705,808,930,"1,071","1,198"
156,China,20625,"Nanjing, Jiangsu",33,32.07,118.78,"1,037","1,130","1,230","1,340","1,459","1,589","1,731","2,029","2,497","3,152","3,980","4,757","5,665","6,723","7,732","8,495"
156,China,20626,Nanning,34,22.82,108.32,143,225,323,443,432,509,621,690,759,"1,118","1,445","1,826","2,096","2,328","2,632","2,915"
156,China,20628,Nantong,35,31.97,120.89,243,273,305,280,292,328,371,418,470,688,"1,006","1,256","1,550","1,900","2,228","2,479"
156,China,20629,"Nanyang, Henan",18,33.00,112.52,44,66,99,138,146,154,162,187,228,392,672,893,"1,164","1,496","1,787","1,997"
156,China,20630,Neijiang,38,29.57,105.05,185,194,203,214,231,250,270,324,415,533,685,781,883,"1,006","1,154","1,288"
156,China,20631,Ningbo,36,29.90,121.55,282,309,338,366,377,401,447,525,634,"1,021","1,643","2,097","2,632","3,271","3,842","4,256"
156,China,20633,Panjin,20,41.12,122.07,54,69,87,111,141,179,228,289,367,467,593,696,813,952,"1,103","1,234"
156,China,20634,"Pingdingshan, Henan",18,33.73,113.33,5,10,18,34,64,121,229,339,431,606,852,942,"1,024","1,127","1,276","1,422"
156,China,20636,"Pingxiang, Jiangxi",,27.65,113.85,98,117,140,167,199,237,283,338,404,470,542,630,732,854,989,"1,107"
156,China,23697,Puning,20,23.29,116.15,15,19,23,28,34,42,51,62,76,214,603,763,912,"1,088","1,268","1,418"
156,China,20639,Putian,37,25.45,119.01,79,94,111,132,157,186,221,262,311,437,613,797,"1,030","1,314","1,567","1,753"
156,China,20641,Qingdao,18,36.07,120.38,751,913,902,895,906,933,"1,098","1,231","1,332","1,882","2,659","3,148","3,680","4,302","4,935","5,442"
156,China,20644,Qinhuangdao,38,39.93,119.60,91,106,125,147,173,203,238,289,358,501,702,800,893,"1,004","1,147","1,280"
156,China,20646,Qiqihaer,20,47.34,123.97,313,367,431,505,591,693,812,952,"1,115","1,218","1,331","1,453","1,588","1,753","1,982","2,200"
156,China,20648,Quanzhou,20,24.88,118.60,104,110,116,122,129,136,143,152,174,356,728,898,"1,062","1,250","1,448","1,616"
156,China,23706,Rizhao,20,35.42,119.52,7,11,17,26,41,64,101,158,248,390,613,715,816,937,"1,079","1,206"
156,China,20656,Shanghai,39,31.23,121.47,"4,301","5,846","6,820","6,428","6,036","5,627","5,966","6,847","7,823","10,450","13,959","16,590","19,554","22,963","26,121","28,404"
156,China,20659,Shantou,40,23.36,116.68,270,287,305,325,345,380,420,528,725,"1,457","2,931","3,532","4,062","4,669","5,321","5,860"
156,China,20661,Shaoguan,41,24.81,113.58,75,87,100,115,133,154,178,205,237,399,670,761,840,936,"1,067","1,191"
156,China,20663,Shaoxing,18,29.99,120.58,40,48,58,70,85,103,124,150,181,332,608,731,873,"1,042","1,215","1,358"
156,China,20666,Shenyang,18,41.79,123.45,"2,148","2,408","2,699","2,924","3,156","3,291","3,418","3,537","3,651","4,081","4,562","4,999","5,469","6,037","6,772","7,430"
156,China,20667,Shenzhen,42,22.54,114.05,3,5,8,13,22,36,58,175,875,"2,394","6,550","8,409","10,222","12,337","14,221","15,545"
156,China,20669,Shijiazhuang,38,38.06,114.49,272,407,505,609,692,825,991,"1,172","1,372","1,621","1,914","2,289","2,741","3,270","3,786","4,189"
156,China,20671,Shiyan,42,32.61,110.76,53,67,84,105,133,167,210,265,333,419,528,625,737,871,"1,012","1,134"
156,China,20678,"Suzhou, Jiangsu",43,31.29,120.57,457,486,516,536,508,530,556,609,689,"1,082","1,698","2,359","3,248","4,367","5,266","5,833"
156,China,20681,"Taian, Shandong",42,36.18,117.12,4,6,12,21,37,65,116,206,367,577,910,"1,073","1,240","1,437","1,655","1,843"
156,China,20682,Taichung,,24.13,120.67,198,242,295,360,440,537,607,682,765,864,978,"1,058","1,140","1,244","1,404","1,563"
156,China,20683,Tainan,,22.99,120.18,320,353,388,428,471,518,594,633,669,697,723,753,784,832,932,"1,040"
156,China,20684,Taipei,,25.04,121.52,503,684,930,"1,265","1,720","2,023","2,273","2,497","2,737","2,698","2,630","2,638","2,654","2,730","3,001","3,310"
156,China,20685,"Taiyuan, Shanxi",42,37.87,112.56,197,262,350,466,622,829,"1,106","1,376","1,637","2,024","2,503","2,920","3,392","3,945","4,519","4,987"
156,China,23816,"Taizhou, Jiangsu",42,32.50,119.90,315,360,411,469,536,612,699,799,912,"1,042","1,190","1,259","1,338","1,444","1,622","1,802"
156,China,20686,"Taizhou, Zhejiang",18,28.68,121.43,58,66,75,85,96,109,123,139,158,290,535,662,786,925,"1,073","1,201"
156,China,20687,"Tangshan, Hebei",42,39.63,118.18,448,507,574,649,646,692,758,922,996,"1,177","1,390","1,614","1,871","2,174","2,500","2,774"
156,China,20689,Tianjin,44,39.09,117.17,"2,467","2,761","2,935","3,121","3,318","3,527","3,750","4,097","4,558","5,513","6,670","7,562","8,535","9,670","10,916","11,934"
156,China,20704,Ürümqi (Wulumqi),42,43.82,87.62,102,174,296,472,581,715,881,"1,025","1,149","1,399","1,705","2,238","2,954","3,831","4,565","5,056"
156,China,20706,Weifang,18,36.70,119.16,129,164,208,256,286,319,356,454,634,885,"1,235","1,457","1,699","1,984","2,286","2,539"
156,China,20707,Weihai,,37.52,122.08,36,41,47,54,62,71,82,94,107,217,440,596,783,"1,013","1,216","1,364"
156,China,20710,Wenzhou,18,28.01,120.67,151,231,419,689,767,853,949,"1,034","1,111","1,318","1,565","2,187","2,635","3,151","3,651","4,041"
156,China,20712,Wuhan,18,30.58,114.28,"1,069","1,489","1,653","1,836","2,039","2,265","2,516","2,897","3,417","4,763","6,638","7,737","8,904","10,256","11,641","12,727"
156,China,20713,"Wuhu, Anhui",18,31.34,118.38,163,184,209,237,268,304,344,390,442,529,634,858,"1,172","1,567","1,898","2,122"
156,China,20715,"Wuxi, Jiangsu",45,31.50,120.27,366,414,470,532,602,682,773,876,992,"1,349","1,835","2,588","3,222","3,975","4,651","5,141"
156,China,20720,Xiamen,42,24.50,118.10,193,248,317,392,418,445,491,556,639,952,"1,416","1,961","2,702","3,634","4,388","4,869"
156,China,20721,"Xi'an, Shaanxi",46,34.26,108.94,575,706,782,866,960,"1,063","1,178","1,517","2,157","2,821","3,690","4,248","4,846","5,545","6,303","6,929"
156,China,20723,"Xiangtan, Hunan",42,27.84,112.90,171,193,218,247,279,315,357,403,456,564,698,816,950,"1,108","1,281","1,431"
156,China,205932,Xiangyang,,32.02,112.16,37,87,134,141,179,227,287,390,554,816,"1,202","1,369","1,531","1,725","1,964","2,182"
156,China,20727,"Xianyang, Shaanxi",18,34.32,108.71,127,142,159,179,200,225,252,282,317,500,790,908,"1,019","1,153","1,319","1,471"
156,China,20736,Xining,42,37.98,101.77,70,114,184,279,321,371,427,500,592,707,844,"1,000","1,185","1,402","1,628","1,815"
156,China,20739,Xinxiang,38,35.30,113.89,155,182,212,249,291,340,398,434,450,586,762,884,"1,016","1,173","1,351","1,507"
156,China,20746,Xuzhou,38,34.26,117.18,341,397,462,528,557,588,621,686,781,"1,033","1,367","1,715","2,144","2,656","3,120","3,462"
156,China,20750,"Yancheng, Jiangsu",47,33.34,120.15,46,60,78,102,134,175,229,300,392,513,671,"1,071","1,290","1,506","1,739","1,936"
156,China,20753,Yangzhou,38,32.38,119.43,170,187,206,226,247,270,294,378,541,811,"1,216","1,393","1,566","1,772","2,021","2,245"
156,China,20755,Yantai,38,37.46,121.44,92,135,200,263,216,234,241,299,422,717,"1,218","1,383","1,526","1,701","1,929","2,143"
156,China,20757,Yichang,48,30.70,111.28,59,78,104,138,183,244,324,407,492,583,692,879,980,"1,089","1,237","1,380"
156,China,20761,Yinchuan,18,38.45,106.27,59,90,110,134,163,199,242,302,384,468,571,772,"1,052","1,404","1,700","1,903"
156,China,20763,Yingkou,18,40.69,122.29,120,139,162,188,218,253,294,361,458,535,624,728,849,992,"1,149","1,285"
156,China,20766,Yiwu,,29.31,120.08,3,5,8,12,19,30,47,73,114,247,532,639,735,849,981,"1,098"
156,China,20768,"Yiyang, Hunan",18,28.57,112.35,83,90,98,107,117,127,138,159,191,360,678,760,819,896,"1,014","1,132"
156,China,20773,Yueyang,18,29.36,113.11,15,22,32,46,68,98,143,209,305,518,881,"1,023","1,155","1,314","1,504","1,675"
156,China,20783,Zaozhuang,42,34.85,117.55,130,144,160,178,198,220,245,272,303,508,853,"1,014","1,175","1,367","1,576","1,757"
156,China,20784,Zhangjiakou,42,40.81,114.88,214,240,271,305,343,386,434,490,558,667,797,913,"1,043","1,198","1,377","1,536"
156,China,20789,Zhanjiang,42,21.26,110.33,152,176,203,235,272,314,363,420,486,630,818,908,"1,014","1,161","1,333","1,487"
156,China,20793,Zhengzhou,38,34.75,113.63,196,248,315,400,508,645,819,982,"1,134","1,663","2,438","3,059","3,796","4,670","5,453","6,019"
156,China,20794,"Zhenjiang, Jiangsu",18,32.19,119.45,199,203,208,215,235,257,280,304,328,472,679,832,"1,008","1,216","1,423","1,589"
156,China,23773,Zhongshan,42,22.31,113.23,55,71,90,115,147,188,241,308,393,736,"1,376","1,962","2,695","3,563","4,276","4,742"
156,China,20797,Zhuhai,49,22.27,113.53,3,5,7,11,17,25,39,84,220,470,"1,004","1,193","1,359","1,556","1,784","1,984"
156,China,20800,Zhuzhou,18,27.83,113.15,116,135,158,184,215,250,292,351,430,593,819,923,"1,025","1,149","1,310","1,460"
156,China,20801,Zibo,42,36.81,118.05,164,199,242,294,357,434,527,640,777,"1,207","1,874","2,168","2,456","2,797","3,187","3,526"
156,China,20802,Zigong,42,29.34,104.77,189,206,224,243,264,287,312,339,368,467,592,847,946,"1,039","1,177","1,313"
156,China,20804,Zunyi,42,27.72,106.92,94,100,106,115,134,157,183,214,250,368,541,679,844,"1,040","1,228","1,374"
344,"China, Hong Kong SAR",21137,Hong Kong,50,22.25,114.16,"1,682","2,121","2,620","3,285","3,472","3,906","4,623","5,031","5,766","6,144","6,783","6,810","7,053","7,431","7,803","8,160"
170,Colombia,20808,Barranquilla,51,11.00,-74.80,294,366,455,565,691,830,961,"1,113","1,229","1,363","1,531","1,719","1,867","2,045","2,251","2,454"
170,Colombia,20837,Bogotá,52,4.63,-74.08,630,894,"1,269","1,780","2,383","3,040","3,525","4,087","4,740","5,494","6,356","7,353","8,502","9,650","10,579","11,369"
170,Colombia,20809,Bucaramanga,53,7.13,-73.12,110,145,190,250,325,408,473,548,650,759,855,964,"1,092","1,232","1,370","1,501"
170,Colombia,20812,Cali,54,3.45,-76.51,231,331,474,664,851,"1,047","1,192","1,357","1,552","1,757","1,950","2,164","2,402","2,665","2,936","3,194"
170,Colombia,20813,Cartagena,,10.40,-75.50,107,137,177,226,274,332,402,486,561,645,737,842,963,"1,092","1,217","1,336"
170,Colombia,20816,Cúcuta,,7.91,-72.51,70,92,122,160,206,265,342,441,506,571,632,700,775,862,958,"1,053"
170,Colombia,20827,Medellín,55,6.25,-75.58,376,523,727,992,"1,260","1,536","1,731","1,950","2,135","2,372","2,724","3,127","3,595","4,076","4,497","4,873"
178,Congo,20848,Brazzaville,,-4.25,15.26,83,92,124,172,238,329,446,596,704,830,"1,022","1,269","1,557","1,814","2,074","2,364"
178,Congo,20849,Pointe-Noire,,-4.79,11.85,16,35,62,89,116,154,217,300,363,439,539,663,807,940,"1,081","1,240"
188,Costa Rica,20861,San José,56,9.93,-84.08,148,184,230,287,359,440,526,627,737,867,"1,032","1,232","1,466","1,704","1,920","2,116"
384,Côte d'Ivoire,21602,Abidjan,,5.32,-4.03,65,125,192,310,548,966,"1,384","1,716","2,102","2,535","3,028","3,545","4,151","4,923","5,896","6,971"
384,Côte d'Ivoire,21606,Yamoussoukro,,6.82,-5.28,1,2,4,8,17,38,58,88,136,218,348,556,885,"1,290","1,633","1,960"
192,Cuba,20870,La Habana (Havana),,23.13,-82.36,"1,142","1,289","1,436","1,598","1,779","1,848","1,913","2,005","2,108","2,151","2,187","2,187","2,128","2,071","2,017","2,026"
203,Czech Republic,20887,Praha (Prague),,50.08,14.43,935,967,"1,001","1,038","1,076","1,126","1,179","1,197","1,212","1,194","1,172","1,213","1,265","1,319","1,373","1,430"
408,Dem. People's Republic of Korea,21722,P'yongyang,,39.02,125.75,516,577,646,769,987,"1,348","1,842","2,195","2,526","2,749","2,777","2,805","2,834","2,905","3,049","3,231"
180,Democratic Republic of the Congo,20851,Kananga,,-5.83,22.43,24,50,136,249,424,374,330,298,348,442,533,671,846,"1,058","1,293","1,559"
180,Democratic Republic of the Congo,20853,Kinshasa,,-4.30,15.30,202,292,443,717,"1,070","1,482","2,053","2,722","3,520","4,493","5,414","6,766","8,415","10,312","12,322","14,535"
180,Democratic Republic of the Congo,20854,Kisangani,,0.55,25.23,38,60,134,178,235,262,291,315,358,441,516,633,783,976,"1,192","1,439"
180,Democratic Republic of the Congo,20856,Lubumbashi,,-11.68,27.48,96,145,194,252,325,396,482,563,647,808,960,"1,192","1,486","1,845","2,242","2,689"
180,Democratic Republic of the Congo,20859,Mbuji-Mayi,,-6.15,23.60,70,98,136,190,262,327,407,487,573,733,891,"1,133","1,433","1,787","2,172","2,606"
208,Denmark,20894,København (Copenhagen),57,55.71,12.56,"1,216","1,227","1,284","1,373","1,380","1,172","1,096","1,056","1,035","1,048","1,077","1,127","1,192","1,261","1,330","1,397"
214,Dominican Republic,20898,Santo Domingo,,18.47,-69.90,180,257,367,503,687,911,"1,210","1,396","1,522","1,661","1,813","1,977","2,154","2,359","2,613","2,868"
218,Ecuador,20903,Guayaquil,58,-2.17,-79.90,258,343,456,583,719,890,"1,120","1,352","1,572","1,808","2,077","2,207","2,273","2,375","2,598","2,865"
218,Ecuador,20910,Quito,,-0.22,-78.50,206,257,319,399,501,628,780,936,"1,088","1,217","1,357","1,479","1,598","1,739","1,934","2,142"
818,Egypt,22804,Al-Iskandariyah (Alexandria),,31.20,29.92,"1,037","1,249","1,504","1,752","1,987","2,241","2,519","2,826","3,063","3,277","3,592","3,973","4,400","4,914","5,517","6,189"
818,Egypt,22812,Al-Qahirah (Cairo),59,30.05,31.25,"2,494","3,029","3,680","4,738","5,585","6,450","7,349","8,328","9,061","9,707","10,170","10,565","11,031","11,944","13,254","14,740"
222,El Salvador,20917,San Salvador,60,13.69,-89.19,194,246,311,394,500,596,701,825,970,"1,112","1,248","1,401","1,570","1,740","1,910","2,087"
231,Ethiopia,20921,Addis Ababa,,9.03,38.70,392,451,519,597,729,926,"1,175","1,476","1,791","2,144","2,377","2,634","2,919","3,279","3,881","4,705"
246,Finland,20937,Helsinki,61,60.17,24.94,366,405,448,478,507,582,674,723,871,943,"1,019","1,067","1,122","1,182","1,244","1,305"
250,France,20952,Bordeaux,,44.83,-0.57,430,447,495,543,584,614,633,663,698,730,763,799,841,904,974,"1,039"
250,France,20969,Lille,,50.63,3.07,751,767,814,863,906,936,936,946,961,983,"1,003","1,015","1,034","1,094","1,175","1,251"
250,France,20972,Lyon,,45.75,4.85,731,768,904,"1,027","1,116","1,173","1,209","1,238","1,265","1,313","1,362","1,412","1,471","1,570","1,682","1,785"
250,France,20973,Marseille-Aix-en-Provence,,49.56,1.96,756,798,929,"1,069","1,182","1,253","1,295","1,307","1,305","1,331","1,363","1,413","1,472","1,571","1,684","1,786"
250,France,20982,Nice-Cannes,,43.70,7.25,400,426,495,568,637,698,733,788,854,874,899,936,980,"1,050","1,130","1,203"
250,France,20985,Paris,,48.87,2.33,"6,283","6,796","7,411","7,855","8,208","8,558","8,669","8,956","9,330","9,510","9,739","10,105","10,516","11,097","11,681","12,163"
250,France,20997,Toulouse,,43.60,1.43,269,285,347,411,467,511,534,584,654,714,778,844,917,999,"1,078","1,149"
268,Georgia,21011,Tbilisi,,41.72,44.78,612,659,718,803,897,992,"1,090","1,177","1,224","1,160","1,100","1,096","1,117","1,134","1,149","1,167"
276,Germany,204296,Berlin,,52.52,13.38,"3,338","3,299","3,260","3,232","3,206","3,130","3,056","3,060","3,422","3,471","3,384","3,391","3,450","3,511","3,586","3,669"
276,Germany,204341,Hamburg,,53.55,10.00,"1,608","1,703","1,812","1,815","1,792","1,721","1,652","1,586","1,639","1,707","1,710","1,739","1,786","1,833","1,885","1,940"
276,Germany,204358,Köln (Cologne),,50.95,6.97,598,683,788,827,849,908,970,919,950,965,963,976,"1,002","1,025","1,058","1,096"
276,Germany,204371,München (Munich),,48.13,11.58,831,936,"1,060","1,175","1,294","1,296","1,299","1,267","1,218","1,241","1,202","1,254","1,350","1,414","1,463","1,511"
288,Ghana,21107,Accra,,5.55,-0.22,177,265,393,499,631,738,863,"1,013","1,197","1,415","1,674","2,008","2,469","3,013","3,602","4,228"
288,Ghana,21108,Kumasi,,6.75,-1.58,99,149,221,279,349,397,452,532,696,909,"1,187","1,537","1,935","2,371","2,841","3,343"
300,Greece,21113,Athínai (Athens),62,37.98,23.73,"1,347","1,563","1,814","2,121","2,485","2,738","2,987","3,047","3,070","3,122","3,179","3,251","3,382","3,551","3,728","3,912"
300,Greece,21117,Thessaloniki,62,40.64,22.95,292,329,372,447,542,617,694,724,746,771,797,827,872,928,987,"1,050"
320,Guatemala,21124,Ciudad de Guatemala (Guatemala City),63,14.63,-90.52,287,370,476,592,660,715,749,776,803,839,908,985,"1,128","1,362","1,650","1,976"
324,Guinea,21126,Conakry,,9.51,-13.71,31,59,112,208,388,567,658,766,895,"1,045","1,221","1,432","1,715","2,125","2,632","3,195"
332,Haiti,21133,Port-au-Prince,64,18.54,-72.34,133,182,247,337,460,575,701,881,"1,134","1,427","1,693","2,171","2,143","2,481","2,874","3,310"
340,Honduras,21136,Tegucigalpa,,14.10,-87.22,73,96,128,169,223,292,371,471,578,677,793,902,"1,051","1,257","1,487","1,730"
348,Hungary,21138,Budapest,,47.50,19.08,"1,618","1,714","1,811","1,878","1,946","2,005","2,057","2,036","2,005","1,893","1,787","1,700","1,731","1,770","1,838","1,914"
356,India,21151,Agra,,27.18,78.02,369,428,499,559,624,681,739,828,933,"1,095","1,293","1,491","1,714","1,973","2,276","2,615"
356,India,21152,Ahmadabad,,23.03,72.62,855,"1,007","1,181","1,412","1,695","2,050","2,484","2,855","3,255","3,790","4,427","5,238","6,210","7,325","8,452","9,599"
356,India,21158,Aligarh,,27.84,78.08,139,159,182,211,247,280,316,382,468,554,653,763,891,"1,040","1,210","1,399"
356,India,21160,Allahabad,,25.45,81.85,327,372,423,464,506,568,640,728,830,928,"1,035","1,119","1,205","1,312","1,487","1,712"
356,India,21164,Amritsar,,31.58,74.93,340,362,394,423,453,520,604,665,726,844,990,"1,083","1,171","1,281","1,455","1,675"
356,India,21170,Asansol,,23.68,86.98,93,122,162,197,235,289,356,504,727,891,"1,065","1,154","1,232","1,332","1,507","1,733"
356,India,21171,Aurangabad,,19.86,75.36,65,79,95,122,159,218,303,415,568,708,868,"1,010","1,167","1,349","1,562","1,801"
356,India,21176,Bangalore,,12.98,77.58,746,939,"1,166","1,377","1,615","2,111","2,812","3,395","4,036","4,744","5,567","6,769","8,275","10,016","11,641","13,193"
356,India,21179,Bareilly,,28.35,79.42,207,234,268,295,322,374,440,516,604,664,722,829,961,"1,114","1,294","1,494"
356,India,21195,Bhopal,,23.27,77.40,100,143,212,282,370,491,655,831,"1,046","1,228","1,426","1,627","1,851","2,112","2,427","2,786"
356,India,21196,Bhubaneswar,,20.26,85.83,16,24,36,59,98,144,209,288,395,504,637,747,865,"1,003","1,165","1,347"
356,India,21212,Chandigarh,,30.74,76.79,40,61,94,143,219,301,406,483,564,667,791,897,"1,010","1,143","1,315","1,517"
356,India,21321,Chennai (Madras),,13.08,80.30,"1,491","1,705","1,915","2,399","3,057","3,609","4,203","4,748","5,338","5,836","6,353","7,325","8,523","9,887","11,321","12,814"
356,India,21219,Coimbatore,,11.00,76.97,279,348,435,555,710,810,907,995,"1,088","1,239","1,420","1,718","2,095","2,536","2,973","3,413"
356,India,21228,Delhi,65,28.67,77.22,"1,369","1,782","2,283","2,845","3,531","4,426","5,558","7,325","9,726","12,407","15,732","18,670","21,935","25,629","29,274","32,935"
356,India,21230,Dhanbad,,23.80,86.45,71,114,188,280,410,525,658,734,805,915,"1,046","1,119","1,186","1,274","1,438","1,655"
356,India,21234,Durg-Bhilainagar,,21.20,81.28,20,46,118,173,234,330,468,567,670,780,905,982,"1,054","1,145","1,298","1,496"
356,India,21261,Guwahati (Gauhati),,26.18,91.75,43,71,126,161,195,252,329,431,564,675,797,878,957,"1,054","1,202","1,387"
356,India,21262,Gwalior,,26.22,78.18,237,266,296,342,397,465,544,621,706,779,855,961,"1,084","1,229","1,414","1,631"
356,India,21274,Hubli-Dharwad,,15.46,75.01,192,217,245,298,367,437,516,577,639,705,776,851,932,"1,031","1,177","1,359"
356,India,21275,Hyderabad,,17.38,78.47,"1,096","1,179","1,241","1,460","1,748","2,086","2,487","3,209","4,193","4,825","5,445","6,403","7,578","8,921","10,275","11,647"
356,India,21278,Indore,,22.72,75.83,302,345,389,459,546,663,808,941,"1,088","1,314","1,597","1,850","2,127","2,449","2,820","3,233"
356,India,21279,Jabalpur,,23.17,79.95,251,300,358,431,520,621,740,812,879,981,"1,100","1,180","1,257","1,356","1,532","1,763"
356,India,21280,Jaipur,,26.92,75.82,294,346,402,496,616,778,984,"1,209","1,478","1,826","2,259","2,623","3,017","3,470","3,988","4,557"
356,India,21281,Jalandhar,,31.33,75.58,166,190,219,252,290,340,400,449,502,588,694,776,862,963,"1,105","1,276"
356,India,21286,Jamshedpur,,22.80,86.18,214,260,319,378,445,538,653,735,817,938,"1,081","1,198","1,320","1,466","1,672","1,924"
356,India,21289,Jodhpur,,26.29,73.03,177,199,222,261,310,388,491,570,654,743,842,968,"1,116","1,289","1,492","1,721"
356,India,21296,Kanpur,,26.47,80.35,688,810,951,"1,092","1,250","1,420","1,612","1,798","2,001","2,294","2,641","2,788","2,904","3,071","3,427","3,910"
356,India,21305,Kochi (Cochin),,10.02,76.23,163,208,268,338,424,532,666,855,"1,103","1,229","1,340","1,461","1,592","1,752","1,989","2,285"
356,India,21211,Kolkata (Calcutta),,22.50,88.33,"4,513","5,055","5,652","6,261","6,926","7,888","9,030","9,946","10,890","11,924","13,058","13,702","14,283","15,076","16,648","18,711"
356,India,21310,Kota,,25.11,75.79,64,85,116,154,204,266,346,427,523,604,692,821,978,"1,162","1,360","1,572"
356,India,21313,Kozhikode (Calicut),,11.25,75.77,156,183,216,264,324,412,528,645,781,835,875,917,961,"1,023","1,152","1,328"
356,India,21318,Lucknow,,26.85,80.92,489,560,644,720,801,892,993,"1,254","1,614","1,906","2,221","2,523","2,854","3,238","3,704","4,234"
356,India,21319,Ludhiana,,30.90,75.85,151,188,237,302,387,479,590,767,"1,006","1,183","1,368","1,486","1,598","1,738","1,966","2,257"
356,India,21322,Madurai,,9.93,78.12,361,419,482,576,692,790,893,981,"1,073","1,132","1,187","1,304","1,443","1,608","1,835","2,110"
356,India,21332,Meerut,,28.98,77.70,228,254,280,317,361,432,523,655,824,975,"1,143","1,273","1,406","1,565","1,786","2,054"
356,India,21336,Moradabad,,28.83,78.78,160,174,190,223,266,302,340,385,436,520,626,739,871,"1,024","1,195","1,383"
356,India,21206,Mumbai (Bombay),,18.93,72.85,"2,857","3,432","4,060","4,854","5,811","7,082","8,658","10,391","12,436","14,310","16,367","17,891","19,422","21,214","23,661","26,557"
356,India,21343,Mysore,,12.31,76.65,237,248,253,293,347,404,470,548,640,708,776,866,969,"1,091","1,253","1,447"
356,India,21347,Nagpur,,21.15,79.10,473,565,674,785,910,"1,075","1,273","1,448","1,637","1,849","2,089","2,278","2,471","2,705","3,059","3,498"
356,India,21350,Nashik,,19.98,73.80,149,180,211,238,267,330,416,539,700,886,"1,117","1,315","1,531","1,783","2,066","2,376"
356,India,21364,Patna,,25.60,85.12,277,316,359,414,480,642,881,993,"1,087","1,331","1,658","1,847","2,022","2,232","2,534","2,904"
356,India,21371,Pune (Poona),,18.53,73.87,581,680,777,924,"1,105","1,345","1,642","1,998","2,430","2,978","3,655","4,270","4,951","5,733","6,582","7,487"
356,India,21376,Raipur,,21.20,81.66,88,109,136,165,200,255,327,387,453,553,680,858,"1,088","1,361","1,621","1,874"
356,India,21379,Rajkot,,22.30,70.78,126,156,189,234,291,356,434,526,638,787,974,"1,155","1,361","1,600","1,862","2,145"
356,India,21384,Ranchi,,23.35,85.33,103,120,138,182,244,342,480,549,607,712,844,969,"1,107","1,268","1,465","1,689"
356,India,21392,Salem,,11.65,78.15,197,231,268,327,404,458,511,544,574,647,736,818,907,"1,012","1,160","1,339"
356,India,21409,Solapur,,17.68,75.92,272,302,333,362,393,445,506,558,613,720,853,906,946,"1,003","1,129","1,301"
356,India,21411,Srinagar,,34.08,74.82,248,268,289,342,412,494,592,661,730,833,954,"1,092","1,251","1,435","1,657","1,909"
356,India,21412,Surat,,21.17,72.83,234,269,311,384,477,642,877,"1,139","1,468","1,984","2,699","3,475","4,438","5,581","6,600","7,530"
356,India,21415,Thiruvananthapuram,,8.48,76.92,182,208,236,302,394,454,512,636,801,853,885,918,952,"1,005","1,129","1,301"
356,India,21417,Tiruchirappalli,,10.82,78.68,287,313,336,388,454,522,599,652,705,768,837,919,"1,009","1,118","1,276","1,472"
356,India,21420,Tiruppur,,11.10,77.35,59,75,95,118,146,176,211,251,299,392,523,696,927,"1,211","1,466","1,698"
356,India,21430,Vadodara,,22.30,73.20,207,249,302,370,453,571,722,891,"1,096","1,273","1,465","1,625","1,794","1,993","2,270","2,605"
356,India,21433,Varanasi (Benares),,25.33,83.00,349,409,480,537,597,680,777,887,"1,013","1,106","1,199","1,304","1,419","1,559","1,771","2,036"
356,India,21435,Vijayawada,,16.52,80.62,155,190,229,277,335,419,527,658,821,914,999,"1,197","1,453","1,753","2,058","2,370"
356,India,21436,Visakhapatnam,,17.70,83.30,105,144,202,267,349,452,583,770,"1,018","1,168","1,309","1,490","1,700","1,944","2,238","2,570"
356,India,21439,Warangal,,18.00,79.58,130,143,154,176,203,255,325,387,457,512,569,650,746,858,995,"1,151"
360,Indonesia,21446,Bandar Lampung,66,-5.45,105.27,28,42,64,98,150,228,348,401,454,578,743,811,884,980,"1,114","1,256"
360,Indonesia,21447,Bandung,66,-6.90,107.58,511,679,902,"1,052","1,170","1,304","1,452","1,716","2,035","2,097","2,138","2,265","2,399","2,595","2,909","3,247"
360,Indonesia,205695,Batam,,1.25,104.03,0,0,1,2,4,8,18,37,78,166,350,642,957,"1,343","1,628","1,838"
360,Indonesia,21452,Bogor,66,-6.59,106.79,113,130,149,204,300,406,535,569,596,668,751,847,954,"1,084","1,239","1,396"
360,Indonesia,205696,Denpasar,,-8.65,115.22,13,18,26,36,51,73,103,145,205,289,409,574,797,"1,062","1,271","1,436"
360,Indonesia,21454,Jakarta,67,-6.13,106.75,"1,452","1,972","2,679","3,297","3,915","4,813","5,984","7,009","8,175","8,322","8,390","8,988","9,630","10,470","11,638","12,822"
360,Indonesia,21459,Malang,68,-7.98,112.62,208,259,322,369,411,457,508,591,689,725,757,773,822,897,"1,015","1,145"
360,Indonesia,21461,Medan,69,3.58,98.67,284,358,451,532,614,876,"1,340","1,533","1,718","1,816","1,912","2,023","2,100","2,236","2,497","2,791"
360,Indonesia,21462,Padang,,-0.95,100.36,100,117,138,161,189,284,465,546,626,671,716,774,836,920,"1,043","1,176"
360,Indonesia,21463,Palembang,69,-2.92,104.75,277,351,446,512,568,660,779,937,"1,130","1,287","1,459","1,457","1,455","1,494","1,655","1,856"
360,Indonesia,21467,Pekan Baru,69,0.53,101.45,37,49,66,88,117,148,184,266,389,481,588,699,906,"1,154","1,362","1,537"
360,Indonesia,21471,Samarinda,,-0.50,117.15,36,48,64,90,126,180,258,324,402,460,523,619,732,863,998,"1,128"
360,Indonesia,21472,Semarang,70,-6.97,110.42,371,424,485,552,627,783,"1,009","1,126","1,243","1,333","1,427","1,491","1,558","1,670","1,872","2,098"
360,Indonesia,21474,Surabaya,69,-7.25,112.75,679,808,962,"1,184","1,474","1,736","2,008","2,229","2,467","2,544","2,611","2,688","2,768","2,929","3,260","3,634"
360,Indonesia,21479,Ujung Pandang,69,-5.13,119.41,223,283,361,399,418,502,629,719,816,918,"1,031","1,159","1,345","1,564","1,796","2,017"
364,Iran (Islamic Republic of),21482,Ahvaz,,31.33,48.69,85,112,146,192,246,313,410,541,685,784,868,960,"1,061","1,168","1,271","1,363"
364,Iran (Islamic Republic of),21493,Esfahan,,32.68,51.68,184,237,306,395,498,623,767,939,"1,090","1,230","1,382","1,553","1,743","1,926","2,088","2,229"
364,Iran (Islamic Republic of),21499,Karaj,,35.80,50.97,7,12,22,38,67,118,239,508,753,905,"1,087","1,317","1,584","1,807","1,968","2,103"
364,Iran (Islamic Republic of),21502,Kermanshah,,34.32,47.07,97,119,145,178,220,274,370,517,608,675,729,781,838,911,992,"1,067"
364,Iran (Islamic Republic of),21508,Mashhad,,36.26,59.56,173,225,293,381,489,625,892,"1,327","1,680","1,854","2,073","2,348","2,653","2,935","3,171","3,371"
364,Iran (Islamic Republic of),21514,Qom,,34.65,50.95,82,96,111,129,168,227,330,492,644,752,843,938,"1,043","1,151","1,253","1,345"
364,Iran (Islamic Republic of),21520,Shiraz,,29.62,52.54,128,160,202,254,319,400,549,779,935,"1,030","1,115","1,203","1,300","1,415","1,535","1,643"
364,Iran (Islamic Republic of),21522,Tabriz,,38.08,46.30,235,277,327,386,466,567,715,915,"1,058","1,165","1,264","1,369","1,484","1,617","1,752","1,873"
364,Iran (Islamic Republic of),21523,Tehran,,35.67,51.42,"1,041","1,396","1,873","2,511","3,290","4,273","5,079","5,839","6,365","6,687","6,880","7,044","7,243","7,642","8,138","8,571"
368,Iraq,21530,Al-Basrah (Basra),,30.50,47.83,116,147,204,304,329,350,372,395,474,631,759,837,923,"1,040","1,222","1,454"
368,Iraq,21536,Al-Mawsil (Mosul),71,36.34,43.12,145,168,205,261,322,397,489,603,736,889,"1,056","1,236","1,447","1,703","2,020","2,395"
368,Iraq,21529,Baghdad,,33.34,44.39,579,719,"1,019","1,614","2,070","2,620","3,145","3,607","4,092","4,598","5,200","5,327","5,891","6,714","7,816","9,141"
368,Iraq,21528,Irbil (Erbil),,36.19,44.01,30,37,53,88,130,191,279,408,536,644,757,874,"1,009","1,176","1,395","1,660"
368,Iraq,21537,Najaf,,31.98,44.33,98,92,103,134,162,195,235,284,351,445,542,639,754,893,"1,066","1,272"
368,Iraq,21540,Sulaimaniya,,35.56,45.44,37,45,59,85,118,163,226,314,402,483,580,696,836,"1,004","1,202","1,433"
372,Ireland,21542,Dublin,72,53.33,-6.25,626,647,661,723,771,833,903,920,916,946,989,"1,037","1,102","1,211","1,342","1,476"
376,Israel,21546,Hefa (Haifa),73,32.82,34.99,204,228,255,286,321,379,460,555,660,784,905,995,"1,044","1,106","1,208","1,309"
376,Israel,21547,Jerusalem,,31.78,35.22,121,144,164,212,282,343,395,455,527,609,664,719,778,847,936,"1,018"
376,Israel,21549,Tel Aviv-Yafo (Tel Aviv-Jaffa),73,32.07,34.76,418,556,738,882,"1,029","1,216","1,448","1,724","2,053","2,445","2,739","3,026","3,319","3,645","4,005","4,295"
380,Italy,21553,Bergamo,,45.70,9.67,444,464,485,517,555,584,612,631,648,672,699,729,774,822,864,907
380,Italy,21571,Milano (Milan),74,45.48,9.19,"1,883","2,099","2,395","2,695","3,017","3,133","3,168","3,128","3,063","3,020","2,985","2,950","2,916","2,914","3,018","3,129"
380,Italy,21574,Napoli (Naples),74,40.85,14.27,"1,498","1,617","1,758","1,880","2,000","2,096","2,186","2,209","2,208","2,218","2,232","2,256","2,348","2,463","2,563","2,662"
380,Italy,21577,Palermo,74,38.12,13.36,594,638,690,723,751,783,818,834,844,850,855,864,904,957,"1,005","1,053"
380,Italy,21588,Roma (Rome),74,41.89,12.50,"1,884","2,143","2,456","2,780","3,135","3,300","3,390","3,429","3,450","3,425","3,385","3,345","3,306","3,303","3,416","3,538"
380,Italy,21597,Torino (Turin),74,45.08,7.68,"1,011","1,149","1,348","1,547","1,760","1,838","1,860","1,827","1,775","1,733","1,694","1,657","1,620","1,601","1,662","1,734"
392,Japan,21629,Fukuoka-Kitakyushu,75,33.50,130.50,954,"1,146","1,338","1,486","1,651","1,853","2,030","2,217","2,487","2,619","2,716","2,771","2,845","2,970","3,067","3,114"
392,Japan,204585,Hiroshima,76,34.40,132.45,503,647,833,"1,072","1,379","1,774","1,825","1,917","1,986","2,040","2,044","2,063","2,103","2,195","2,272","2,313"
392,Japan,21638,Kyoto,75,35.00,135.75,"1,002","1,091","1,165","1,229","1,298","1,622","1,701","1,714","1,760","1,804","1,806","1,805","1,804","1,832","1,894","1,932"
392,Japan,21648,Nagoya,77,35.17,136.92,992,"1,226","1,555","1,762","1,997","2,293","2,590","2,708","2,947","3,055","3,122","3,199","3,300","3,448","3,556","3,605"
392,Japan,21659,Osaka-Kobe,77,34.67,135.50,"4,147","5,120","6,227","7,654","9,408","9,844","9,990","10,350","11,035","11,052","11,165","11,258","11,430","11,783","12,004","12,031"
392,Japan,204581,Sapporo,76,43.05,141.35,754,892,"1,056","1,250","1,479","1,751","1,996","2,157","2,319","2,476","2,508","2,601","2,714","2,851","2,947","2,993"
392,Japan,204582,Sendai,76,38.26,140.89,538,666,824,"1,021","1,264","1,566","1,731","1,855","2,021","2,135","2,184","2,284","2,401","2,531","2,619","2,663"
392,Japan,21671,Tokyo,78,35.69,139.75,"11,275","13,713","16,679","20,284","23,298","26,615","28,549","30,304","32,530","33,587","34,450","35,622","36,933","38,197","38,707","38,661"
400,Jordan,21700,Amman,,31.95,35.93,90,140,218,299,388,500,636,736,851,974,"1,017","1,062","1,150","1,307","1,476","1,646"
398,Kazakhstan,21682,Almaty,,43.32,76.92,354,435,529,626,740,860,973,"1,030","1,080","1,109","1,160","1,275","1,400","1,526","1,648","1,781"
404,Kenya,21708,Mombasa,,-4.05,39.67,94,123,159,205,254,298,350,407,476,572,683,802,940,"1,127","1,411","1,775"
404,Kenya,21711,Nairobi,,-1.28,36.82,137,201,290,404,531,677,862,"1,090","1,380","1,755","2,214","2,677","3,237","3,958","4,939","6,143"
414,Kuwait,21769,Al Kuwayt (Kuwait City),79,29.33,47.98,63,106,169,303,553,688,891,"1,122","1,392","1,123","1,333","1,582","2,318","2,698","2,991","3,255"
417,Kyrgyzstan,21770,Bishkek,,42.87,74.57,150,186,236,322,433,485,538,583,635,703,766,798,831,882,982,"1,114"
418,Lao People's Democratic Republic,21772,Vientiane,,17.96,102.60,35,78,112,118,143,179,208,239,283,337,442,580,766,999,"1,246","1,490"
422,Lebanon,21773,Bayrut (Beirut),80,33.87,35.51,322,425,561,733,923,"1,500","1,623","1,585","1,293","1,268","1,487","1,777","1,983","2,161","2,302","2,427"
430,Liberia,21779,Monrovia,,6.31,-10.80,15,34,75,121,164,226,325,514,"1,042",464,836,"1,202",812,599,621,751
434,Libya,21782,Tarabulus (Tripoli),81,32.89,13.18,106,136,174,235,398,580,662,756,862,984,"1,022","1,058","1,111","1,195","1,324","1,456"
450,Madagascar,21792,Antananarivo,,-18.92,47.52,177,189,252,298,363,454,580,742,948,"1,169","1,361","1,585","1,900","2,414","3,091","3,898"
454,Malawi,21799,Lilongwe,,-13.98,33.78,2,4,8,17,34,71,124,186,266,362,477,593,738,928,"1,195","1,538"
458,Malaysia,21804,Johore Bahru,,1.47,103.75,47,66,86,108,136,183,247,321,417,516,630,797,"1,002","1,210","1,396","1,567"
458,Malaysia,21805,Klang,,3.03,101.45,42,64,83,97,113,148,193,258,345,466,631,849,"1,132","1,402","1,619","1,816"
458,Malaysia,21808,Kuala Lumpur,,3.17,101.70,208,281,344,394,451,645,921,"1,016","1,120","1,213","1,306","1,405","1,524","1,720","1,959","2,192"
466,Mali,21818,Bamako,,12.65,-8.00,89,111,130,158,222,363,489,608,746,910,"1,142","1,485","1,932","2,442","2,998","3,632"
478,Mauritania,21821,Nouakchott,,18.10,-15.95,2,4,5,14,38,103,192,304,419,481,553,640,759,906,"1,085","1,271"
484,Mexico,21823,Acapulco de Juárez,,16.85,-99.92,29,38,50,96,178,232,303,429,598,681,791,787,865,958,"1,056","1,151"
484,Mexico,21824,Aguascalientes,82,21.88,-102.30,94,109,127,153,185,233,295,405,552,631,734,829,934,"1,050","1,162","1,265"
484,Mexico,21828,Chihuahua,,28.63,-106.08,87,130,193,235,287,344,413,472,539,625,683,760,854,958,"1,060","1,155"
484,Mexico,21853,Ciudad de México (Mexico City),83,19.50,-99.12,"2,883","3,801","5,012","6,653","8,769","10,690","13,010","14,109","15,312","16,811","18,022","18,735","20,142","21,706","23,239","24,581"
484,Mexico,21830,Ciudad Juárez,82,31.70,-106.48,123,180,263,330,412,474,546,664,809,997,"1,225","1,308","1,332","1,382","1,492","1,618"
484,Mexico,21837,Cuernavaca,,18.92,-99.25,43,58,78,103,139,221,348,412,490,597,667,765,878,"1,000","1,111","1,211"
484,Mexico,21838,Culiacán,82,24.80,-107.39,49,65,85,122,172,230,306,434,606,690,749,791,836,895,977,"1,065"
484,Mexico,21841,Guadalajara,83,20.67,-103.33,403,593,870,"1,148","1,506","1,850","2,269","2,615","3,011","3,431","3,703","4,051","4,442","4,869","5,293","5,678"
484,Mexico,21844,Hermosillo,,29.07,-110.97,44,65,96,132,180,232,298,368,454,552,616,697,789,889,986,"1,075"
484,Mexico,21847,León de los Aldamas,84,21.12,-101.67,123,193,302,380,479,589,724,833,961,"1,127","1,290","1,429","1,613","1,813","1,999","2,166"
484,Mexico,21851,Mérida,84,20.97,-89.62,143,173,208,235,269,351,456,551,664,765,848,931,"1,021","1,123","1,235","1,344"
484,Mexico,21852,Mexicali,83,32.65,-115.46,66,108,175,217,266,302,343,458,607,690,770,851,938,"1,037","1,142","1,243"
484,Mexico,21855,Monterrey,83,25.66,-100.31,356,498,698,943,"1,267","1,589","1,992","2,273","2,594","2,961","3,266","3,579","4,100","4,655","5,113","5,491"
484,Mexico,21856,Morelia,,19.70,-101.19,65,81,101,129,165,222,299,387,497,572,625,681,810,953,"1,069","1,166"
484,Mexico,21862,Puebla,83,19.04,-98.21,227,293,378,493,645,858,"1,140","1,395","1,686","1,692","1,907","2,109","2,296","2,503","2,730","2,947"
484,Mexico,21863,Querétaro,83,20.59,-100.39,49,58,68,89,116,159,218,353,561,671,795,911,"1,101","1,306","1,466","1,594"
484,Mexico,21864,Reynosa,,26.08,-98.29,34,51,74,102,139,165,195,229,268,317,531,628,729,838,934,"1,020"
484,Mexico,21865,Saltillo,,25.42,-101.00,70,83,99,128,165,217,286,376,491,577,643,720,825,939,"1,044","1,138"
484,Mexico,21866,San Luis Potosí,83,22.15,-100.98,132,165,207,250,303,378,472,561,665,774,858,952,"1,042","1,144","1,257","1,367"
484,Mexico,21867,Tampico,,22.25,-97.84,136,204,303,300,304,378,470,515,563,609,659,709,763,828,908,991
484,Mexico,21871,Tijuana,83,32.52,-117.01,60,96,154,212,289,355,437,576,760,"1,017","1,287","1,472","1,757","2,061","2,299","2,489"
484,Mexico,21872,Toluca de Lerdo,84,19.29,-99.66,54,69,90,117,158,309,599,707,835,981,"1,417","1,498","1,702","1,929","2,130","2,306"
484,Mexico,21873,Torreón,83,25.54,-103.45,189,256,346,392,447,556,690,782,882,954,"1,014","1,105","1,218","1,344","1,478","1,605"
496,Mongolia,21882,Ulaanbaatar,,47.92,106.92,70,112,179,248,298,356,423,492,572,661,765,933,"1,138","1,381","1,626","1,842"
504,Morocco,21888,Agadir,,30.50,-9.67,11,13,17,30,54,100,187,294,403,536,610,693,786,883,985,"1,090"
504,Morocco,21891,Dar-el-Beida (Casablanca),85,33.59,-7.62,625,778,967,"1,206","1,505","1,793","2,109","2,406","2,682","2,936","2,937","2,937","3,009","3,257","3,580","3,911"
504,Morocco,21893,Fès,,34.05,-4.98,165,215,280,322,369,433,510,594,685,785,868,960,"1,065","1,187","1,319","1,455"
504,Morocco,21896,Marrakech,,31.63,-8.00,209,225,243,280,323,367,416,485,578,680,751,830,919,"1,026","1,142","1,262"
504,Morocco,21899,Rabat,85,34.03,-6.83,145,184,233,339,494,641,808,986,"1,174","1,379","1,507","1,647","1,807","2,001","2,213","2,429"
504,Morocco,21903,Tanger,,35.78,-5.81,100,122,142,161,183,225,283,348,423,510,591,686,790,892,995,"1,101"
508,Mozambique,21910,Maputo,,-25.97,32.59,92,129,181,259,371,456,550,653,776,921,"1,019","1,072","1,132","1,266","1,507","1,823"
508,Mozambique,21911,Matola,,-25.97,32.46,52,65,81,102,128,161,203,254,319,401,498,615,759,925,"1,120","1,360"
104,Myanmar,20333,Mandalay,,22.00,96.08,167,205,250,306,374,442,499,563,635,717,810,915,"1,035","1,192","1,379","1,577"
104,Myanmar,205588,Nay Pyi Taw,,19.75,96.12, —, —, —, —, —, —, —, —, —, —, —,57,"1,026","1,202","1,394","1,595"
104,Myanmar,20339,Yangon,,17.03,95.65,"1,302","1,440","1,592","1,760","1,946","2,151","2,378","2,629","2,907","3,213","3,553","3,928","4,356","4,931","5,623","6,345"
524,Nepal,21928,Kathmandu,86,27.72,85.32,104,110,119,132,147,180,225,297,398,509,644,794,974,"1,196","1,467","1,787"
528,Netherlands,21930,Amsterdam,87,52.37,4.89,851,871,895,942,927,978,941,907,936,988,"1,005","1,023","1,049","1,092","1,153","1,212"
528,Netherlands,21945,Rotterdam,88,51.93,4.48,764,849,937,967,967,927,912,929,951,981,991,"1,000","1,010","1,041","1,097","1,154"
554,New Zealand,21957,Auckland,89,-36.85,174.76,319,387,440,532,635,729,774,812,870,976,"1,063","1,189","1,407","1,607","1,754","1,886"
558,Nicaragua,21967,Managua,,12.15,-86.27,110,148,199,269,366,443,525,621,735,865,887,909,954,"1,058","1,192","1,332"
562,Niger,21972,Niamey,,13.52,2.12,24,37,58,85,129,198,274,344,432,542,680,906,"1,222","1,638","2,183","2,924"
566,Nigeria,21974,Aba,,5.10,7.35,48,70,102,144,193,258,344,430,484,551,630,721,836,"1,015","1,252","1,529"
566,Nigeria,21976,Abuja,,9.12,7.46,19,21,23,29,48,77,125,204,330,526,833,"1,316","2,010","2,678","3,306","4,000"
566,Nigeria,21981,Benin City,90,6.33,5.63,49,62,83,113,163,233,335,480,689,845,975,"1,124","1,311","1,591","1,955","2,377"
566,Nigeria,21986,Enugu,,6.43,7.48,60,75,108,144,163,211,281,350,394,461,547,649,776,953,"1,178","1,439"
566,Nigeria,21990,Ibadan,91,7.39,3.90,450,493,570,668,809,980,"1,186","1,436","1,739","1,993","2,236","2,509","2,855","3,418","4,165","5,028"
566,Nigeria,21998,Ilorin,,8.53,4.57,114,143,179,222,268,323,389,457,515,572,633,700,788,948,"1,169","1,428"
566,Nigeria,22003,Jos,,9.92,8.90,31,47,69,103,152,224,331,438,493,547,604,666,748,899,"1,108","1,355"
566,Nigeria,22004,Kaduna,91,10.52,7.44,35,53,99,173,266,408,628,853,961,"1,069","1,184","1,311","1,476","1,768","2,167","2,633"
566,Nigeria,22005,Kano,91,12.00,8.52,123,157,229,343,542,855,"1,350","1,861","2,095","2,339","2,602","2,895","3,271","3,902","4,748","5,724"
566,Nigeria,22007,Lagos,92,6.45,3.40,325,468,762,"1,135","1,414","1,890","2,572","3,500","4,764","5,983","7,281","8,859","10,788","13,121","15,825","18,857"
566,Nigeria,22008,Maiduguri,91,11.88,13.27,50,68,105,156,216,300,416,531,598,651,700,752,827,985,"1,213","1,482"
566,Nigeria,22009,Ogbomosho,,8.13,4.27,132,169,247,333,378,428,485,549,622,704,798,904,"1,039","1,256","1,545","1,884"
566,Nigeria,22013,Onitsha,,6.17,6.78,74,91,129,171,195,224,257,294,337,418,533,681,867,"1,088","1,346","1,642"
566,Nigeria,22018,Port Harcourt,,4.78,7.01,60,88,135,198,266,358,482,604,680,845,"1,091","1,407","1,807","2,264","2,782","3,371"
578,Norway,22028,Oslo,,59.91,10.75,468,533,578,610,643,644,643,662,684,729,774,818,898,986,"1,073","1,160"
586,Pakistan,22038,Faisalabad,,31.42,73.08,168,261,404,546,726,907,"1,079","1,281","1,520","1,804","2,142","2,528","2,947","3,434","3,986","4,606"
586,Pakistan,22039,Gujranwala,,32.15,74.18,118,149,191,247,321,427,577,705,848,"1,019","1,226","1,460","1,712","2,006","2,341","2,719"
586,Pakistan,22041,Hyderabad,,25.37,68.37,232,312,420,500,586,667,741,838,950,"1,077","1,223","1,413","1,648","1,931","2,254","2,619"
586,Pakistan,22042,Islamabad,,33.70,73.17,36,41,45,56,70,107,189,260,343,452,595,747,889,"1,049","1,231","1,439"
586,Pakistan,22044,Karachi,,24.87,67.05,"1,055","1,419","1,853","2,405","3,119","3,989","5,048","6,033","7,147","8,467","10,031","11,743","13,500","15,500","17,729","20,190"
586,Pakistan,22046,Lahore,,31.55,74.34,836,"1,022","1,264","1,575","1,964","2,399","2,882","3,388","3,970","4,653","5,455","6,367","7,352","8,491","9,769","11,190"
586,Pakistan,22048,Multan,,30.18,71.48,186,251,345,419,501,599,715,827,953,"1,097","1,265","1,472","1,720","2,014","2,350","2,730"
586,Pakistan,22051,Peshawar,,34.00,71.56,153,178,214,238,262,347,535,653,769,905,"1,067","1,259","1,475","1,730","2,022","2,352"
586,Pakistan,22052,Quetta,,30.20,67.00,83,93,105,123,145,190,272,339,414,504,614,740,874,"1,030","1,210","1,415"
586,Pakistan,22054,Rawalpindi,,33.60,73.07,233,278,333,426,550,670,779,919,"1,087","1,286","1,522","1,795","2,098","2,453","2,856","3,311"
591,Panama,22063,Ciudad de Panamá (Panama City),93,8.97,-79.53,171,220,283,360,455,528,613,721,847,953,"1,073","1,221","1,389","1,585","1,794","1,992"
600,Paraguay,22065,Asunción,,-25.27,-57.67,258,314,382,461,552,654,770,914,"1,091","1,287","1,507","1,765","2,073","2,417","2,777","3,139"
604,Peru,22067,Arequipa,94,-16.40,-71.54,128,143,160,206,274,348,428,495,564,628,678,732,791,867,960,"1,057"
604,Peru,22078,Lima,95,-12.05,-77.05,"1,066","1,368","1,756","2,284","2,980","3,696","4,438","5,116","5,837","6,582","7,294","8,081","8,950","9,843","10,695","11,503"
608,Philippines,22096,Cebu,,10.32,123.90,178,213,254,298,349,415,492,549,612,661,721,776,839,938,"1,078","1,247"
608,Philippines,22099,Davao,,7.10,125.63,124,169,230,302,395,488,614,724,854,"1,001","1,152","1,325","1,523","1,743","2,000","2,300"
608,Philippines,22109,Manila,96,14.58,121.00,"1,544","1,872","2,274","2,829","3,534","4,999","5,955","6,888","7,973","9,401","9,958","10,761","11,654","12,856","14,428","16,278"
608,Philippines,22125,Zamboanga,,6.92,122.08,107,119,134,164,200,209,345,392,444,509,605,721,856,998,"1,153","1,333"
616,Poland,22132,Kraków (Cracow),97,50.06,19.96,339,400,472,524,578,644,699,717,735,748,756,758,756,756,773,803
616,Poland,22161,Warszawa (Warsaw),98,52.26,21.02,768,942,"1,119","1,212","1,300","1,444","1,565","1,596","1,628","1,652","1,666","1,689","1,718","1,748","1,792","1,850"
620,Portugal,22167,Lisboa (Lisbon),99,38.72,-9.14,"1,304","1,405","1,514","1,657","1,817","2,103","2,449","2,518","2,537","2,600","2,672","2,747","2,825","2,944","3,095","3,221"
620,Portugal,22168,Porto,,41.15,-8.62,730,783,840,882,924,"1,008","1,104","1,139","1,164","1,206","1,254","1,303","1,355","1,426","1,511","1,584"
630,Puerto Rico,22177,San Juan,100,18.41,-66.06,451,517,596,740,915,"1,069","1,258","1,722","2,327","2,418","2,508","2,493","2,478","2,475","2,518","2,577"
410,Republic of Korea,21727,Ansan,,37.32,126.82,1,2,4,7,14,29,59,119,241,487,592,678,769,839,876,899
410,Republic of Korea,21756,Bucheon,,37.50,126.78,31,40,51,65,84,108,211,435,651,771,763,833,915,986,"1,027","1,052"
410,Republic of Korea,21757,Busan,101,35.10,129.04,948,"1,046","1,154","1,365","1,813","2,418","3,107","3,490","3,778","3,813","3,673","3,533","3,398","3,307","3,296","3,331"
410,Republic of Korea,21763,Daegu,101,35.87,128.60,355,484,659,806,"1,048","1,297","1,584","1,998","2,215","2,434","2,478","2,466","2,450","2,464","2,525","2,564"
410,Republic of Korea,21764,Daejon,101,36.32,127.42,131,172,224,294,400,501,641,850,"1,036","1,256","1,362","1,438","1,520","1,610","1,667","1,700"
410,Republic of Korea,23403,Goyang,101,37.70,126.90,39,49,62,78,97,122,153,192,241,493,744,859,968,"1,052","1,096","1,122"
410,Republic of Korea,21750,Gwangju,101,35.15,126.92,174,231,307,382,487,601,719,893,"1,122","1,249","1,346","1,413","1,486","1,572","1,627","1,659"
410,Republic of Korea,21741,Incheon,101,37.28,127.45,258,319,394,496,627,791,"1,062","1,364","1,785","2,271","2,464","2,527","2,601","2,720","2,800","2,839"
410,Republic of Korea,21760,Seongnam,101,37.26,127.90,54,75,103,142,195,268,369,443,534,842,911,934,962,"1,012","1,052","1,077"
410,Republic of Korea,21758,Seoul,101,37.57,127.00,"1,021","1,553","2,361","3,452","5,312","6,808","8,258","9,547","10,544","10,256","9,917","9,825","9,751","9,740","9,849","9,867"
410,Republic of Korea,21762,Suweon,101,37.28,127.02,74,81,90,155,168,220,304,421,628,748,932,"1,037","1,140","1,227","1,275","1,303"
410,Republic of Korea,21766,Ulsan,101,35.54,129.32,29,45,67,102,154,246,405,541,673,945,"1,011","1,047","1,089","1,149","1,193","1,220"
410,Republic of Korea,205365,Yongin,,37.23,127.21,51,60,70,83,97,114,134,158,186,262,376,537,738,862,906,930
642,Romania,22191,Bucuresti (Bucharest),,44.44,26.10,652,856,"1,002","1,154","1,396","1,702","1,865","1,950","2,040","2,018","1,949","1,931","1,935","1,952","1,991","2,047"
643,Russian Federation,22241,Chelyabinsk,,55.20,61.41,573,638,711,792,881,966,"1,046","1,098","1,129","1,104","1,082","1,096","1,128","1,163","1,201","1,237"
643,Russian Federation,22266,Kazan,,55.75,49.13,514,588,673,769,875,942,"1,007","1,056","1,092","1,092","1,096","1,118","1,142","1,169","1,205","1,240"
643,Russian Federation,22282,Krasnodar,,45.03,38.98,230,276,330,395,469,521,569,599,623,632,641,677,741,805,849,878
643,Russian Federation,22283,Krasnoyarsk,,56.01,92.79,290,357,438,538,655,734,812,868,910,911,911,932,972,"1,012","1,050","1,082"
643,Russian Federation,22299,Moskva (Moscow),102,55.75,37.62,"5,356","5,749","6,170","6,622","7,106","7,623","8,136","8,580","8,987","9,201","10,005","10,755","11,472","12,144","12,478","12,576"
643,Russian Federation,22310,Nizhniy Novgorod,,56.32,44.00,796,878,969,"1,070","1,178","1,273","1,357","1,401","1,420","1,375","1,331","1,290","1,253","1,228","1,246","1,280"
643,Russian Federation,22322,Novosibirsk,,55.03,82.92,719,813,919,"1,039","1,168","1,250","1,329","1,387","1,430","1,428","1,426","1,442","1,472","1,505","1,548","1,589"
643,Russian Federation,22327,Omsk,,55.00,73.40,444,520,608,712,830,933,"1,032","1,097","1,144","1,140","1,136","1,141","1,153","1,170","1,202","1,236"
643,Russian Federation,22336,Perm,,58.00,56.25,498,571,655,751,857,937,"1,011","1,054","1,076","1,044","1,014",997,992,993,"1,016","1,046"
643,Russian Federation,22345,Rostov-na-Donu (Rostov-on-Don),,47.24,39.71,484,549,622,704,796,874,946,986,"1,022","1,041","1,061","1,077","1,089","1,106","1,136","1,169"
643,Russian Federation,22351,Samara,,53.20,50.15,658,741,835,940,"1,055","1,146","1,221","1,241","1,244","1,208","1,173","1,160","1,165","1,174","1,203","1,238"
643,Russian Federation,22365,Sankt Peterburg (Saint Petersburg),102,59.89,30.26,"2,903","3,141","3,398","3,677","3,980","4,325","4,645","4,844","4,989","4,836","4,719","4,724","4,842","4,960","5,065","5,143"
643,Russian Federation,22354,Saratov,,51.57,46.03,473,533,602,679,763,816,863,887,901,890,878,861,839,826,841,867
643,Russian Federation,22378,Ufa,,54.73,55.93,418,489,573,670,782,887,985,"1,041","1,078","1,063","1,049","1,049","1,062","1,078","1,108","1,141"
643,Russian Federation,22389,Volgograd,,48.80,44.59,461,534,618,716,823,884,939,973,999,"1,005","1,010","1,016","1,021","1,031","1,058","1,089"
643,Russian Federation,22393,Voronezh,,51.72,39.26,332,396,472,563,666,732,797,847,880,867,854,863,888,916,948,978
643,Russian Federation,22248,Yekaterinburg,,56.86,60.58,628,712,808,916,"1,035","1,135","1,231","1,303","1,350","1,326","1,303","1,312","1,348","1,386","1,429","1,468"
646,Rwanda,22404,Kigali,,-1.96,30.04,17,24,33,45,59,90,128,168,219,285,497,776,961,"1,209","1,499","1,835"
682,Saudi Arabia,22416,Ad-Dammam,,26.43,50.11,20,26,35,51,84,136,196,283,409,533,639,765,909,"1,074","1,242","1,400"
682,Saudi Arabia,22427,Al-Madinah (Medina),,24.47,39.61,51,54,58,77,129,208,284,388,529,669,795,942,"1,106","1,295","1,491","1,678"
682,Saudi Arabia,22432,Ar-Riyadh (Riyadh),,24.64,46.77,111,131,156,227,408,710,"1,055","1,566","2,325","3,035","3,567","4,227","5,227","6,340","7,294","8,090"
682,Saudi Arabia,22421,Jiddah,,21.52,39.22,119,129,141,197,348,594,851,"1,217","1,742","2,200","2,509","2,883","3,452","4,091","4,690","5,222"
682,Saudi Arabia,22426,Makkah (Mecca),,21.43,39.84,148,152,157,190,272,383,501,655,856,"1,033","1,168","1,326","1,543","1,793","2,055","2,305"
686,Senegal,22439,Dakar,,14.72,-17.48,201,235,349,473,610,782,957,"1,162","1,405","1,688","2,029","2,437","2,926","3,519","4,227","5,064"
688,Serbia,23241,Beograd (Belgrade),103,44.81,20.47,432,523,638,751,878,975,"1,073","1,107","1,130","1,128","1,122","1,125","1,133","1,146","1,185","1,243"
694,Sierra Leone,22445,Freetown,,8.49,-13.23,92,104,119,148,206,284,361,460,529,603,688,785,910,"1,083","1,294","1,540"
702,Singapore,22447,Singapore,104,1.30,103.85,"1,016","1,306","1,634","1,880","2,074","2,262","2,415","2,709","3,017","3,482","3,919","4,266","5,086","5,375","5,597","5,801"
706,Somalia,22477,Muqdisho (Mogadishu),105,2.07,45.37,69,73,94,146,272,445,551,747,"1,035","1,147","1,201","1,415","1,426","2,128","2,693","3,309"
710,South Africa,22481,Cape Town,,-33.92,18.42,618,705,803,945,"1,114","1,339","1,609","1,925","2,155","2,394","2,715","3,100","3,492","3,810","4,096","4,388"
710,South Africa,22482,Durban,,-29.85,31.02,484,573,677,761,856,"1,019","1,214","1,446","1,723","2,081","2,370","2,646","2,954","3,223","3,471","3,724"
710,South Africa,22484,Ekurhuleni (East Rand),,-26.25,28.33,546,610,682,783,898,997,"1,107","1,237","1,531","1,894","2,326","2,832","3,284","3,599","3,872","4,150"
710,South Africa,22486,Johannesburg,,-26.20,28.08,900,"1,016","1,147","1,288","1,444","1,547","1,656","1,773","1,898","2,265","2,732","3,272","3,763","4,114","4,421","4,732"
710,South Africa,22499,Port Elizabeth,,-33.97,25.58,192,236,289,372,477,531,590,662,828,911,958,"1,005","1,097","1,204","1,309","1,418"
710,South Africa,22501,Pretoria,,-25.75,28.20,275,340,419,488,565,624,688,763,911,951,"1,084","1,278","1,468","1,617","1,753","1,894"
710,South Africa,22505,Vereeniging,,-26.68,27.93,117,148,187,239,306,372,451,551,743,800,897,"1,033","1,174","1,294","1,406","1,522"
724,Spain,22525,Barcelona,,41.40,2.17,"1,809","2,103","2,468","2,930","3,482","3,679","3,837","3,969","4,101","4,392","4,731","5,095","5,488","5,891","6,230","6,511"
724,Spain,22549,Madrid,,40.42,-3.71,"1,700","2,018","2,392","2,898","3,521","3,890","4,253","4,355","4,414","4,688","5,014","5,619","6,405","7,214","7,752","8,098"
724,Spain,22567,Valencia,,39.48,-0.39,506,507,505,567,645,695,745,763,776,785,795,804,799,801,837,889
729,Sudan,22579,Al-Khartum (Khartoum),,15.59,32.53,183,252,347,477,657,886,"1,164","1,611","2,360","3,088","3,505","3,979","4,516","5,161","6,028","7,090"
752,Sweden,22597,Stockholm,106,59.33,18.05,741,772,805,"1,003","1,035","1,015",992,"1,012","1,038","1,138","1,206","1,248","1,360","1,485","1,595","1,695"
756,Switzerland,22606,Zürich (Zurich),107,47.37,8.55,494,514,535,614,711,713,707,836,"1,006","1,048","1,078","1,128","1,183","1,241","1,305","1,374"
760,Syrian Arab Republic,22610,Dimashq (Damascus),,33.50,36.31,367,461,579,727,914,"1,122","1,376","1,546","1,691","1,854","2,063","2,294","2,582","2,952","3,383","3,856"
760,Syrian Arab Republic,22608,Halab (Aleppo),,36.20,37.17,319,392,480,588,721,879,"1,070","1,292","1,554","1,864","2,204","2,605","3,068","3,550","4,065","4,625"
760,Syrian Arab Republic,22612,Hamah,,35.13,36.75,125,139,154,172,192,215,241,273,309,361,495,676,893,"1,076","1,249","1,438"
760,Syrian Arab Republic,22613,Hims (Homs),,34.73,36.72,101,126,159,200,251,312,387,470,565,684,856,"1,072","1,321","1,557","1,799","2,063"
764,Thailand,22617,Krung Thep (Bangkok),,13.75,100.52,"1,360","1,712","2,151","2,584","3,110","3,842","4,723","5,279","5,888","6,106","6,360","7,228","8,213","9,281","10,265","11,235"
764,Thailand,204118,Samut Prakan,,13.60,100.60,10,15,22,32,47,47,49,82,138,232,389,652,"1,093","1,726","2,174","2,444"
768,Togo,22628,Lomé,,6.17,1.35,33,56,95,138,192,257,344,443,562,713,904,"1,146","1,453","1,830","2,151","2,472"
788,Tunisia,22646,Tunis,,36.80,10.18,384,407,434,464,505,551,577,606,644,682,711,734,777,851,935,"1,018"
792,Turkey,22647,Adana,108,37.00,35.32,138,197,272,342,402,471,568,763,907,"1,011","1,123","1,252","1,423","1,650","1,863","2,052"
792,Turkey,22656,Ankara,109,39.92,32.83,281,439,635,954,"1,341","1,709","1,891","2,213","2,561","2,842","3,179","3,589","4,074","4,680","5,229","5,702"
792,Turkey,22658,Antalya,,36.89,30.70,27,37,51,70,95,128,185,256,370,471,595,740,877,"1,026","1,164","1,288"
792,Turkey,22670,Bursa,110,40.20,29.08,148,184,221,301,325,345,478,604,819,981,"1,180","1,421","1,659","1,927","2,172","2,389"
792,Turkey,22683,Gaziantep,111,37.07,37.35,104,140,180,232,264,299,370,472,595,710,844,997,"1,160","1,350","1,527","1,686"
792,Turkey,22691,Istanbul,112,41.03,28.95,967,"1,249","1,453","2,001","2,772","3,600","4,397","5,407","6,552","7,665","8,744","9,753","10,953","12,459","13,791","14,897"
792,Turkey,22692,Izmir,113,38.42,27.17,224,292,356,559,876,"1,046","1,216","1,472","1,741","1,966","2,216","2,499","2,842","3,275","3,673","4,019"
792,Turkey,22705,Konya,114,37.87,32.52,97,138,181,238,244,247,344,433,508,610,734,876,"1,023","1,193","1,351","1,492"
800,Uganda,22744,Kampala,,0.32,32.58,95,110,137,222,340,398,469,595,755,912,"1,097","1,320","1,594","2,009","2,669","3,540"
804,Ukraine,22753,Dnipropetrovsk,,48.45,35.04,536,606,684,773,872,981,"1,081","1,136","1,162","1,119","1,077","1,052","1,003",957,913,872
804,Ukraine,22754,Donetsk,,48.00,37.80,585,649,721,800,886,963,"1,033","1,076","1,097","1,061","1,026",997,965,935,905,877
804,Ukraine,22762,Kharkiv,,49.98,36.22,758,856,968,"1,094","1,233","1,353","1,466","1,544","1,586","1,534","1,484","1,464","1,453","1,442","1,431","1,420"
804,Ukraine,22771,Krivoi Rog,,47.91,33.40,286,342,408,488,577,619,658,688,706,689,673,701,749,787,809,827
804,Ukraine,22765,Kyiv (Kiev),,50.44,30.52,815,974,"1,163","1,389","1,655","1,926","2,201","2,410","2,574","2,590","2,606","2,673","2,805","2,901","2,943","2,969"
804,Ukraine,22782,Odesa,,46.49,30.73,532,608,693,791,899,982,"1,054","1,081","1,092","1,064","1,037","1,007","1,009","1,017","1,034","1,053"
804,Ukraine,22797,Zaporizhzhya,,47.85,35.17,315,380,459,554,664,730,795,844,873,847,822,797,775,754,733,713
784,United Arab Emirates,22632,Abu Zaby (Abu Dhabi),,24.46,54.36,11,17,25,37,62,120,229,279,331,392,486,603,869,"1,247","1,539","1,724"
784,United Arab Emirates,22635,Dubayy (Dubai),,25.27,55.33,20,28,39,50,80,167,254,345,473,650,906,"1,264","1,835","2,571","3,134","3,484"
784,United Arab Emirates,22637,Sharjah,,25.35,55.42,19,19,20,20,28,54,117,169,229,311,444,637,914,"1,266","1,543","1,726"
826,United Kingdom,22835,Birmingham,115,52.47,-1.92,"2,229","2,283","2,338","2,357","2,370","2,365","2,357","2,330","2,301","2,291","2,285","2,279","2,273","2,312","2,453","2,603"
826,United Kingdom,204765,Glasgow,115,55.83,-4.25,"1,755","1,777","1,798","1,770","1,734","1,601","1,461","1,334","1,217","1,186","1,171","1,155","1,140","1,145","1,220","1,304"
826,United Kingdom,22859,Liverpool,115,53.42,-3.00,"1,382","1,383","1,384","1,334","1,276","1,018",784,788,831,829,818,807,797,801,856,918
826,United Kingdom,22860,London,115,51.50,-0.12,"8,361","8,278","8,196","7,869","7,509","7,546","7,660","7,667","7,654","7,908","8,225","8,552","8,923","9,348","9,796","10,255"
826,United Kingdom,22862,Manchester,115,53.50,-2.22,"2,422","2,425","2,427","2,413","2,396","2,370","2,343","2,313","2,282","2,264","2,248","2,232","2,216","2,247","2,384","2,530"
826,United Kingdom,22887,Newcastle upon Tyne,115,54.99,-1.62,909,921,934,913,886,838,790,825,877,883,880,878,875,892,955,"1,022"
826,United Kingdom,204592,West Yorkshire,115,53.70,-1.58,"1,692","1,697","1,703","1,714","1,726","1,618","1,496","1,465","1,449","1,468","1,495","1,530","1,605","1,708","1,820","1,937"
834,United Republic of Tanzania,22894,Dar es Salaam,,-6.88,39.30,67,110,162,233,357,572,836,"1,046","1,316","1,668","2,116","2,683","3,415","4,395","5,677","7,276"
840,United States of America,22910,Allentown-Bethlehem,,40.18,-74.58,227,241,258,308,364,373,382,397,414,491,581,678,760,833,907,981
840,United States of America,22922,Atlanta,116,33.76,-84.40,513,631,776,959,"1,182","1,386","1,625","1,879","2,184","2,781","3,542","4,347","4,875","5,258","5,620","5,971"
840,United States of America,22926,Austin,116,30.30,-97.75,137,161,189,224,267,320,383,466,569,720,913,"1,119","1,266","1,384","1,499","1,613"
840,United States of America,22928,Baltimore,116,39.31,-76.62,"1,168","1,290","1,422","1,486","1,555","1,650","1,749","1,797","1,849","1,962","2,083","2,228","2,415","2,614","2,814","3,009"
840,United States of America,22936,Birmingham,,33.52,-86.81,447,484,522,540,559,583,606,614,623,644,665,698,759,831,904,978
840,United States of America,22939,Boston,116,42.32,-71.09,"2,551","2,680","2,818","3,000","3,187","3,233","3,281","3,349","3,428","3,726","4,049","4,404","4,772","5,135","5,491","5,834"
840,United States of America,22942,Bridgeport-Stamford,116,41.05,-73.53,415,508,618,661,705,703,702,706,714,799,894,998,"1,100","1,201","1,303","1,404"
840,United States of America,22947,Buffalo,116,42.90,-78.85,899,976,"1,055","1,071","1,084","1,041","1,001",977,955,966,977,"1,010","1,090","1,188","1,289","1,389"
840,United States of America,22954,Charlotte,116,35.21,-80.83,142,174,211,244,281,315,353,402,461,596,769,956,"1,088","1,191","1,291","1,392"
840,United States of America,22956,Chicago,116,41.84,-87.68,"4,999","5,565","6,183","6,639","7,106","7,160","7,216","7,285","7,374","7,839","8,333","8,898","9,545","10,199","10,832","11,434"
840,United States of America,22957,Cincinnati,116,39.14,-84.50,881,980,"1,086","1,144","1,202","1,216","1,231","1,281","1,335","1,419","1,508","1,616","1,756","1,907","2,059","2,209"
840,United States of America,22959,Cleveland,116,41.48,-81.67,"1,392","1,582","1,789","1,875","1,954","1,848","1,751","1,713","1,680","1,734","1,789","1,875","2,022","2,193","2,364","2,532"
840,United States of America,22963,"Columbus, Ohio",116,39.95,-82.98,441,524,621,702,791,813,836,890,950,"1,040","1,138","1,249","1,369","1,491","1,613","1,735"
840,United States of America,22966,Dallas-Fort Worth,116,32.71,-97.31,866,"1,122","1,447","1,715","2,025","2,234","2,468","2,819","3,219","3,665","4,172","4,701","5,143","5,534","5,913","6,278"
840,United States of America,22969,Dayton,116,39.76,-84.20,350,421,506,591,684,637,596,605,616,659,706,762,835,913,993,"1,073"
840,United States of America,22972,Denver-Aurora,116,39.73,-104.97,505,641,809,923,"1,054","1,198","1,356","1,437","1,528","1,747","1,998","2,263","2,492","2,700","2,905","3,106"
840,United States of America,22974,Detroit,116,42.39,-83.10,"2,769","3,140","3,548","3,759","3,966","3,885","3,807","3,750","3,703","3,804","3,909","4,074","4,364","4,696","5,025","5,345"
840,United States of America,22980,El Paso,,31.75,-106.48,139,198,278,307,340,394,457,512,573,623,678,740,813,890,968,"1,046"
840,United States of America,23009,Hartford,116,41.76,-72.69,425,453,485,572,670,700,731,756,783,818,853,903,982,"1,073","1,164","1,256"
840,United States of America,23013,Honolulu,116,21.31,-157.83,250,298,353,397,445,511,584,608,635,676,720,775,848,927,"1,008","1,089"
840,United States of America,23014,Houston,116,29.76,-95.38,709,904,"1,151","1,396","1,693","2,030","2,424","2,658","2,922","3,353","3,849","4,364","4,785","5,153","5,509","5,854"
840,United States of America,23017,Indianapolis,116,39.79,-86.15,505,570,643,729,821,829,838,877,921,"1,063","1,228","1,402","1,552","1,690","1,827","1,962"
840,United States of America,23020,"Jacksonville, Florida",116,30.32,-81.66,246,304,376,448,531,564,601,668,742,811,886,972,"1,066","1,164","1,263","1,361"
840,United States of America,23028,Kansas City,116,39.10,-94.61,703,808,925,"1,005","1,086","1,079","1,075","1,152","1,233","1,297","1,365","1,453","1,577","1,714","1,852","1,989"
840,United States of America,23043,Las Vegas,116,36.19,-115.22,35,56,92,149,240,325,438,556,708,973,"1,335","1,739","1,995","2,174","2,344","2,511"
840,United States of America,23052,Los Angeles-Long Beach-Santa Ana,116,34.09,-118.38,"4,046","5,154","6,530","7,408","8,378","8,926","9,512","10,181","10,883","11,339","11,814","12,412","13,223","14,081","14,907","15,687"
840,United States of America,23053,Louisville,116,38.23,-85.75,476,539,610,673,740,751,761,758,757,810,866,934,"1,021","1,115","1,210","1,305"
840,United States of America,23061,McAllen,,26.22,-98.24,31,41,54,70,92,121,159,206,268,377,532,709,824,905,984,"1,064"
840,United States of America,23063,Memphis,116,35.12,-89.97,409,474,547,604,667,720,776,801,829,899,976,"1,064","1,165","1,271","1,378","1,484"
840,United States of America,23064,Miami,116,25.79,-80.22,622,924,"1,361","1,709","2,141","2,590","3,122","3,521","3,969","4,431","4,946","5,487","5,971","6,414","6,843","7,255"
840,United States of America,23067,Milwaukee,116,43.05,-87.96,836,985,"1,152","1,203","1,251","1,228","1,207","1,217","1,228","1,269","1,311","1,376","1,488","1,618","1,749","1,880"
840,United States of America,23068,Minneapolis-St. Paul,116,44.96,-93.27,996,"1,176","1,384","1,540","1,706","1,748","1,794","1,935","2,087","2,236","2,397","2,583","2,802","3,029","3,256","3,477"
840,United States of America,23077,Nashville-Davidson,116,36.15,-86.76,261,302,349,397,450,484,520,546,577,660,755,857,951,"1,040","1,129","1,219"
840,United States of America,23082,New Orleans,116,29.97,-90.06,664,751,848,904,964,"1,021","1,077","1,058","1,039","1,024","1,009",996,858,921,984,"1,044"
840,United States of America,23083,New York-Newark,116,40.72,-74.09,"12,338","13,219","14,164","15,177","16,191","15,880","15,601","15,827","16,086","16,943","17,846","18,888","20,104","21,326","22,487","23,572"
840,United States of America,23088,Oklahoma City,116,35.47,-97.52,278,347,431,480,533,573,615,662,711,729,748,782,848,927,"1,007","1,088"
840,United States of America,23090,Omaha,,41.26,-95.94,312,350,392,440,492,503,513,529,546,586,629,680,746,817,889,962
840,United States of America,23091,Orlando,116,28.54,-81.38,75,124,203,250,310,427,583,723,893,"1,020","1,165","1,320","1,459","1,589","1,719","1,847"
840,United States of America,23098,Philadelphia,116,39.95,-75.16,"3,128","3,511","3,930","4,161","4,396","4,467","4,540","4,629","4,725","4,938","5,160","5,445","5,841","6,270","6,690","7,095"
840,United States of America,23099,Phoenix-Mesa,116,33.44,-111.95,221,353,558,698,874,"1,117","1,422","1,696","2,025","2,437","2,934","3,451","3,830","4,137","4,433","4,720"
840,United States of America,23100,Pittsburgh,116,40.44,-80.00,"1,539","1,670","1,805","1,826","1,845","1,827","1,807","1,740","1,681","1,717","1,755","1,825","1,965","2,131","2,298","2,462"
840,United States of America,23102,Portland,116,45.52,-122.68,516,581,656,738,829,925,"1,030","1,100","1,181","1,372","1,595","1,829","2,025","2,199","2,371","2,540"
840,United States of America,23106,Providence,116,41.82,-71.41,703,743,787,860,936,963,990,"1,018","1,047","1,111","1,178","1,261","1,373","1,494","1,617","1,739"
840,United States of America,23110,Raleigh,,35.82,-78.64,69,81,95,121,153,179,209,254,310,413,549,700,803,882,960,"1,037"
840,United States of America,23115,Richmond,116,37.54,-77.46,260,295,337,420,519,558,600,646,696,757,822,898,984,"1,076","1,168","1,260"
840,United States of America,23116,Riverside-San Bernardino,116,33.95,-117.40,139,232,382,474,586,645,714,920,"1,178","1,336","1,516","1,708","1,882","2,045","2,206","2,365"
840,United States of America,23118,Rochester,,43.17,-77.61,411,451,496,547,601,604,606,613,621,658,696,746,814,891,969,"1,047"
840,United States of America,23121,Sacramento,116,38.56,-121.47,216,315,456,540,637,714,803,942,"1,104","1,244","1,402","1,571","1,730","1,881","2,031","2,179"
840,United States of America,23126,Salt Lake City,116,40.75,-111.89,230,285,351,412,483,573,677,732,792,840,890,954,"1,040","1,135","1,232","1,328"
840,United States of America,23128,San Antonio,116,29.45,-98.51,454,542,645,707,776,859,949,"1,038","1,134","1,229","1,333","1,451","1,585","1,724","1,863","2,000"
840,United States of America,23129,San Diego,116,32.78,-117.15,440,612,844,"1,010","1,209","1,442","1,718","2,017","2,356","2,514","2,683","2,881","3,120","3,370","3,618","3,860"
840,United States of America,23130,San Francisco-Oakland,116,37.76,-122.44,"1,855","2,021","2,200","2,361","2,529","2,590","2,656","2,805","2,961","3,095","3,236","3,419","3,681","3,969","4,254","4,531"
840,United States of America,23131,San Jose,116,37.30,-121.87,182,336,611,788,"1,009","1,103","1,204","1,288","1,376","1,457","1,543","1,649","1,790","1,943","2,098","2,250"
840,United States of America,23140,Seattle,116,47.63,-122.33,795,930,"1,089","1,305","1,556","1,663","1,780","1,982","2,206","2,453","2,727","3,020","3,298","3,563","3,823","4,076"
840,United States of America,23152,St. Louis,116,38.63,-90.40,"1,407","1,535","1,673","1,777","1,882","1,865","1,851","1,899","1,950","2,014","2,081","2,181","2,351","2,545","2,740","2,931"
840,United States of America,23160,Tampa-St. Petersburg,116,27.97,-82.46,300,437,632,742,874,"1,094","1,362","1,530","1,717","1,886","2,072","2,276","2,484","2,691","2,895","3,096"
840,United States of America,23166,Tucson,116,32.21,-110.92,77,134,229,260,297,368,453,514,582,649,724,807,891,974,"1,059","1,143"
840,United States of America,23084,Virginia Beach,116,36.83,-76.09,391,534,721,820,930,996,"1,069","1,174","1,286","1,341","1,397","1,476","1,598","1,737","1,877","2,015"
840,United States of America,23174,"Washington, D.C.",116,38.88,-77.03,"1,298","1,539","1,823","2,135","2,488","2,626","2,777","3,063","3,376","3,651","3,949","4,280","4,634","4,988","5,334","5,670"
858,Uruguay,23193,Montevideo,117,-34.87,-56.18,"1,212","1,248","1,285","1,323","1,362","1,403","1,454","1,508","1,546","1,584","1,605","1,622","1,659","1,731","1,816","1,899"
860,Uzbekistan,23209,Tashkent,,41.32,69.25,755,843,964,"1,165","1,403","1,612","1,818","1,958","2,100","2,116","2,135","2,169","2,213","2,324","2,549","2,843"
862,Venezuela (Bolivarian Republic of),23215,Barquisimeto,,10.07,-69.33,127,173,236,303,384,475,583,666,742,838,946,"1,070","1,215","1,365","1,510","1,648"
862,Venezuela (Bolivarian Republic of),23217,Caracas,,10.50,-66.92,694,955,"1,316","1,657","2,060","2,342","2,575","2,693","2,767","2,816","2,864","2,938","3,176","3,518","3,855","4,169"
862,Venezuela (Bolivarian Republic of),23220,Ciudad Guayana,,8.37,-62.62,5,12,29,61,126,201,294,377,460,526,599,682,779,880,977,"1,071"
862,Venezuela (Bolivarian Republic of),23226,Maracaibo,,10.63,-71.64,282,367,479,570,670,787,923,"1,095","1,303","1,501","1,724","1,980","2,255","2,522","2,773","3,008"
862,Venezuela (Bolivarian Republic of),23227,Maracay,,10.15,-67.35,58,79,106,160,246,342,456,592,760,831,898,976,"1,089","1,222","1,353","1,478"
862,Venezuela (Bolivarian Republic of),23233,Valencia,,10.18,-68.00,126,164,214,295,412,546,709,873,"1,053","1,213","1,392","1,597","1,821","2,041","2,249","2,444"
704,Viet Nam,23355,Can Tho,,10.03,105.78,46,54,65,77,92,133,185,198,212,231,284,507,902,"1,400","1,753","2,029"
704,Viet Nam,22455,Da Nang,,16.07,108.22,63,82,105,140,187,249,322,349,388,470,568,676,805,962,"1,140","1,321"
704,Viet Nam,22457,Hà Noi,118,21.01,105.86,261,330,417,507,617,752,899,"1,004","1,139","1,360","1,660","2,160","2,809","3,539","4,201","4,810"
704,Viet Nam,22456,Hai Phòng,,20.87,106.68,122,148,180,220,267,326,390,423,463,521,599,730,889,"1,078","1,280","1,482"
704,Viet Nam,22458,Thành Pho Ho Chí Minh (Ho Chi Minh City),,10.75,106.67,"1,213","1,303","1,400","1,660","1,970","2,336","2,716","2,820","3,038","3,658","4,389","5,212","6,189","7,330","8,535","9,699"
887,Yemen,23237,Adan (Aden),,12.78,45.04,72,93,121,158,206,246,264,283,326,407,495,601,746,965,"1,247","1,581"
887,Yemen,23239,Sana'a',119,15.38,44.21,46,58,72,89,111,141,238,402,653,"1,033","1,347","1,757","2,293","2,984","3,820","4,790"
894,Zambia,23277,Lusaka,,-15.43,28.33,31,53,91,160,278,385,533,636,757,902,"1,073","1,356","1,719","2,178","2,764","3,496"
716,Zimbabwe,22513,Harare,,-17.83,31.05,143,192,248,319,417,532,616,778,"1,047","1,255","1,379","1,468","1,526","1,673","1,990","2,337"
